type,route_name,origin,destination,time,distance,CO2,price,olon,olat,dlon,dlat
airplane,Los Angeles-New York,Los Angeles,New York,5.919499113763441,3935.5992910107534,4010.3756775399575,393.55992910107534,-118.242766,34.0536909,-74.0060152,40.7127281
airplane,New York-Los Angeles,New York,Los Angeles,5.919499113763441,3935.5992910107534,4010.3756775399575,393.55992910107534,-74.0060152,40.7127281,-118.242766,34.0536909
airplane,Chicago-New York,Chicago,New York,2.42979606213935,1143.83684971148,1165.569749855998,114.383684971148,-87.6244212,41.8755616,-74.0060152,40.7127281
airplane,New York-Chicago,New York,Chicago,2.42979606213935,1143.83684971148,1165.569749855998,114.383684971148,-74.0060152,40.7127281,-87.6244212,41.8755616
airplane,Houston-New York,Houston,New York,3.851600533355089,2281.280426684071,2324.624754791068,228.1280426684071,-95.3676974,29.7589382,-74.0060152,40.7127281
airplane,New York-Houston,New York,Houston,3.851600533355089,2281.280426684071,2324.624754791068,228.1280426684071,-74.0060152,40.7127281,-95.3676974,29.7589382
airplane,Philadelphia-New York,Philadelphia,New York,1.1618625717403224,129.49005739225782,131.9503684827107,12.949005739225782,-75.1635262,39.9527237,-74.0060152,40.7127281
airplane,New York-Philadelphia,New York,Philadelphia,1.1618625717403224,129.49005739225782,131.9503684827107,12.949005739225782,-74.0060152,40.7127281,-75.1635262,39.9527237
airplane,San Antonio-New York,San Antonio,New York,4.181373988392717,2545.0991907141733,2593.4560753377423,254.50991907141736,-98.4951405,29.4246002,-74.0060152,40.7127281
airplane,New York-San Antonio,New York,San Antonio,4.181373988392717,2545.0991907141733,2593.4560753377423,254.50991907141736,-74.0060152,40.7127281,-98.4951405,29.4246002
airplane,Dallas-New York,Dallas,New York,3.757169936942471,2205.7359495539768,2247.6449325955023,220.57359495539768,-96.7968559,32.7762719,-74.0060152,40.7127281
airplane,New York-Dallas,New York,Dallas,3.757169936942471,2205.7359495539768,2247.6449325955023,220.57359495539768,-74.0060152,40.7127281,-96.7968559,32.7762719
airplane,San Jose-New York,San Jose,New York,6.127863538388092,4102.2908307104735,4180.234356493972,410.2290830710474,-121.890591,37.3361663,-74.0060152,40.7127281
airplane,New York-San Jose,New York,San Jose,6.127863538388092,4102.2908307104735,4180.234356493972,410.2290830710474,-74.0060152,40.7127281,-121.890591,37.3361663
airplane,Jacksonville-New York,Jacksonville,New York,2.680788875258056,1344.631100206445,1370.1790911103672,134.4631100206445,-81.655651,30.3321838,-74.0060152,40.7127281
airplane,New York-Jacksonville,New York,Jacksonville,2.680788875258056,1344.631100206445,1370.1790911103672,134.4631100206445,-74.0060152,40.7127281,-81.655651,30.3321838
airplane,Fort Worth-New York,Fort Worth,New York,3.813043579529,2250.4348636232,2293.1931260320403,225.04348636231998,-97.3327459,32.753177,-74.0060152,40.7127281
airplane,New York-Fort Worth,New York,Fort Worth,3.813043579529,2250.4348636232,2293.1931260320403,225.04348636231998,-74.0060152,40.7127281,-97.3327459,32.753177
airplane,Columbus-New York,Columbus,New York,1.958224754679263,766.5798037434105,781.1448200145352,76.65798037434105,-83.0007065,39.9622601,-74.0060152,40.7127281
airplane,New York-Columbus,New York,Columbus,1.958224754679263,766.5798037434105,781.1448200145352,76.65798037434105,-74.0060152,40.7127281,-83.0007065,39.9622601
airplane,San Francisco-New York,San Francisco,New York,6.161142697501214,4128.914158000971,4207.363527002989,412.8914158000971,-122.4193286,37.7792588,-74.0060152,40.7127281
airplane,New York-San Francisco,New York,San Francisco,6.161142697501214,4128.914158000971,4207.363527002989,412.8914158000971,-74.0060152,40.7127281,-122.4193286,37.7792588
airplane,Denver-New York,Denver,New York,4.273250410371205,2618.600328296963,2668.3537345346053,261.8600328296963,-104.984862,39.7392364,-74.0060152,40.7127281
airplane,New York-Denver,New York,Denver,4.273250410371205,2618.600328296963,2668.3537345346053,261.8600328296963,-74.0060152,40.7127281,-104.984862,39.7392364
airplane,Washington-New York,Washington,New York,1.4105015048413532,328.40120387308264,334.64082674667117,32.84012038730827,-77.0365427,38.8950368,-74.0060152,40.7127281
airplane,New York-Washington,New York,Washington,1.4105015048413532,328.40120387308264,334.64082674667117,32.84012038730827,-74.0060152,40.7127281,-77.0365427,38.8950368
airplane,El Paso-New York,El Paso,New York,4.822516444904758,3058.013155923806,3116.115405886358,305.8013155923806,-106.4870404,31.7601164,-74.0060152,40.7127281
airplane,New York-El Paso,New York,El Paso,4.822516444904758,3058.013155923806,3116.115405886358,305.8013155923806,-74.0060152,40.7127281,-106.4870404,31.7601164
airplane,Detroit-New York,Detroit,New York,1.966820804463585,773.4566435708686,788.152319798715,77.34566435708686,-83.0466403,42.3315509,-74.0060152,40.7127281
airplane,New York-Detroit,New York,Detroit,1.966820804463585,773.4566435708686,788.152319798715,77.34566435708686,-74.0060152,40.7127281,-83.0466403,42.3315509
airplane,Oklahoma City-New York,Oklahoma City,New York,3.663859722475826,2131.087777980661,2171.5784457622935,213.10877779806611,-97.5170536,35.4729886,-74.0060152,40.7127281
airplane,New York-Oklahoma City,New York,Oklahoma City,3.663859722475826,2131.087777980661,2171.5784457622935,213.10877779806611,-74.0060152,40.7127281,-97.5170536,35.4729886
airplane,Las Vegas-New York,Las Vegas,New York,5.481679163011888,3585.3433304095106,3653.464853687291,358.5343330409511,-115.1463536,36.171697,-74.0060152,40.7127281
airplane,New York-Las Vegas,New York,Las Vegas,5.481679163011888,3585.3433304095106,3653.464853687291,358.5343330409511,-74.0060152,40.7127281,-115.1463536,36.171697
airplane,Memphis-New York,Memphis,New York,2.918008401783651,1534.406721426921,1563.5604491340323,153.4406721426921,-90.0517638,35.1460249,-74.0060152,40.7127281
airplane,New York-Memphis,New York,Memphis,2.918008401783651,1534.406721426921,1563.5604491340323,153.4406721426921,-74.0060152,40.7127281,-90.0517638,35.1460249
airplane,Chicago-Los Angeles,Chicago,Los Angeles,4.505276587104254,2804.2212696834035,2857.501473807388,280.42212696834036,-87.6244212,41.8755616,-118.242766,34.0536909
airplane,Los Angeles-Chicago,Los Angeles,Chicago,4.505276587104254,2804.2212696834035,2857.501473807388,280.42212696834036,-118.242766,34.0536909,-87.6244212,41.8755616
airplane,Houston-Los Angeles,Houston,Los Angeles,3.758050360166816,2206.440288133452,2248.362653607988,220.64402881334524,-95.3676974,29.7589382,-118.242766,34.0536909
airplane,Los Angeles-Houston,Los Angeles,Houston,3.758050360166816,2206.440288133452,2248.362653607988,220.64402881334524,-118.242766,34.0536909,-95.3676974,29.7589382
airplane,Philadelphia-Los Angeles,Philadelphia,Los Angeles,5.804314330019795,3843.451464015836,3916.4770418321364,384.34514640158363,-75.1635262,39.9527237,-118.242766,34.0536909
airplane,Los Angeles-Philadelphia,Los Angeles,Philadelphia,5.804314330019795,3843.451464015836,3916.4770418321364,384.34514640158363,-118.242766,34.0536909,-75.1635262,39.9527237
airplane,San Antonio-Los Angeles,San Antonio,Los Angeles,3.4169387868166288,1933.551029453303,1970.2884990129155,193.35510294533032,-98.4951405,29.4246002,-118.242766,34.0536909
airplane,Los Angeles-San Antonio,Los Angeles,San Antonio,3.4169387868166288,1933.551029453303,1970.2884990129155,193.35510294533032,-118.242766,34.0536909,-98.4951405,29.4246002
airplane,Dallas-Los Angeles,Dallas,Los Angeles,3.489896947606441,1991.917558085153,2029.7639916887706,199.1917558085153,-96.7968559,32.7762719,-118.242766,34.0536909
airplane,Los Angeles-Dallas,Los Angeles,Dallas,3.489896947606441,1991.917558085153,2029.7639916887706,199.1917558085153,-118.242766,34.0536909,-96.7968559,32.7762719
airplane,San Jose-Los Angeles,San Jose,Los Angeles,1.614472751799635,491.5782014397078,500.9181872670622,49.15782014397078,-121.890591,37.3361663,-118.242766,34.0536909
airplane,Los Angeles-San Jose,Los Angeles,San Jose,1.614472751799635,491.5782014397078,500.9181872670622,49.15782014397078,-118.242766,34.0536909,-121.890591,37.3361663
airplane,Jacksonville-Los Angeles,Jacksonville,Los Angeles,5.311667308286099,3449.3338466288787,3514.8711897148273,344.9333846628879,-81.655651,30.3321838,-118.242766,34.0536909
airplane,Los Angeles-Jacksonville,Los Angeles,Jacksonville,5.311667308286099,3449.3338466288787,3514.8711897148273,344.9333846628879,-118.242766,34.0536909,-81.655651,30.3321838
airplane,Fort Worth-Los Angeles,Fort Worth,Los Angeles,3.428771342011134,1943.0170736089071,1979.9343980074761,194.30170736089073,-97.3327459,32.753177,-118.242766,34.0536909
airplane,Los Angeles-Fort Worth,Los Angeles,Fort Worth,3.428771342011134,1943.0170736089071,1979.9343980074761,194.30170736089073,-118.242766,34.0536909,-97.3327459,32.753177
airplane,Columbus-Los Angeles,Columbus,Los Angeles,4.969935132854131,3175.9481062833047,3236.291120302687,317.5948106283305,-83.0007065,39.9622601,-118.242766,34.0536909
airplane,Los Angeles-Columbus,Los Angeles,Columbus,4.969935132854131,3175.9481062833047,3236.291120302687,317.5948106283305,-118.242766,34.0536909,-83.0007065,39.9622601
airplane,San Francisco-Los Angeles,San Francisco,Los Angeles,1.6992491800248437,559.3993440198749,570.0279315562525,55.93993440198749,-122.4193286,37.7792588,-118.242766,34.0536909
airplane,Los Angeles-San Francisco,Los Angeles,San Francisco,1.6992491800248437,559.3993440198749,570.0279315562525,55.93993440198749,-118.242766,34.0536909,-122.4193286,37.7792588
airplane,Denver-Los Angeles,Denver,Los Angeles,2.669727055030775,1335.78164402462,1361.1614952610876,133.578164402462,-104.984862,39.7392364,-118.242766,34.0536909
airplane,Los Angeles-Denver,Los Angeles,Denver,2.669727055030775,1335.78164402462,1361.1614952610876,133.578164402462,-118.242766,34.0536909,-104.984862,39.7392364
airplane,Washington-Los Angeles,Washington,Los Angeles,5.615003593250295,3692.002874600236,3762.15092921764,369.2002874600236,-77.0365427,38.8950368,-118.242766,34.0536909
airplane,Los Angeles-Washington,Los Angeles,Washington,5.615003593250295,3692.002874600236,3762.15092921764,369.2002874600236,-118.242766,34.0536909,-77.0365427,38.8950368
airplane,El Paso-Los Angeles,El Paso,Los Angeles,2.4074673717618253,1125.9738974094605,1147.3674014602402,112.59738974094606,-106.4870404,31.7601164,-118.242766,34.0536909
airplane,Los Angeles-El Paso,Los Angeles,El Paso,2.4074673717618253,1125.9738974094605,1147.3674014602402,112.59738974094606,-118.242766,34.0536909,-106.4870404,31.7601164
airplane,Detroit-Los Angeles,Detroit,Los Angeles,4.9814358110244825,3185.1486488195856,3245.6664731471574,318.5148648819586,-83.0466403,42.3315509,-118.242766,34.0536909
airplane,Los Angeles-Detroit,Los Angeles,Detroit,4.9814358110244825,3185.1486488195856,3245.6664731471574,318.5148648819586,-118.242766,34.0536909,-83.0466403,42.3315509
airplane,Oklahoma City-Los Angeles,Oklahoma City,Los Angeles,3.3704157370899104,1896.3325896719284,1932.362908875695,189.63325896719286,-97.5170536,35.4729886,-118.242766,34.0536909
airplane,Los Angeles-Oklahoma City,Los Angeles,Oklahoma City,3.3704157370899104,1896.3325896719284,1932.362908875695,189.63325896719286,-118.242766,34.0536909,-97.5170536,35.4729886
airplane,Las Vegas-Los Angeles,Las Vegas,Los Angeles,1.458876473248543,367.1011785988344,374.0761009922122,36.71011785988344,-115.1463536,36.171697,-118.242766,34.0536909
airplane,Los Angeles-Las Vegas,Los Angeles,Las Vegas,1.458876473248543,367.1011785988344,374.0761009922122,36.71011785988344,-118.242766,34.0536909,-115.1463536,36.171697
airplane,Memphis-Los Angeles,Memphis,Los Angeles,4.2181686304504655,2574.534904360372,2623.451067543219,257.4534904360372,-90.0517638,35.1460249,-118.242766,34.0536909
airplane,Los Angeles-Memphis,Los Angeles,Memphis,4.2181686304504655,2574.534904360372,2623.451067543219,257.4534904360372,-118.242766,34.0536909,-90.0517638,35.1460249
airplane,Houston-Chicago,Houston,Chicago,2.894802150308907,1515.8417202471255,1544.6427129318208,151.58417202471256,-95.3676974,29.7589382,-87.6244212,41.8755616
airplane,Chicago-Houston,Chicago,Houston,2.894802150308907,1515.8417202471255,1544.6427129318208,151.58417202471256,-87.6244212,41.8755616,-95.3676974,29.7589382
airplane,Philadelphia-Chicago,Philadelphia,Chicago,2.3345729305163454,1067.6583444130763,1087.9438529569247,106.76583444130763,-75.1635262,39.9527237,-87.6244212,41.8755616
airplane,Chicago-Philadelphia,Chicago,Philadelphia,2.3345729305163454,1067.6583444130763,1087.9438529569247,106.76583444130763,-87.6244212,41.8755616,-75.1635262,39.9527237
airplane,San Antonio-Chicago,San Antonio,Chicago,3.117970295451694,1694.376236361355,1726.5693848522205,169.43762363613553,-98.4951405,29.4246002,-87.6244212,41.8755616
airplane,Chicago-San Antonio,Chicago,San Antonio,3.117970295451694,1694.376236361355,1726.5693848522205,169.43762363613553,-87.6244212,41.8755616,-98.4951405,29.4246002
airplane,Dallas-Chicago,Dallas,Chicago,2.6188379192546547,1295.0703354037237,1319.6766717763944,129.50703354037236,-96.7968559,32.7762719,-87.6244212,41.8755616
airplane,Chicago-Dallas,Chicago,Dallas,2.6188379192546547,1295.0703354037237,1319.6766717763944,129.50703354037236,-87.6244212,41.8755616,-96.7968559,32.7762719
airplane,San Jose-Chicago,San Jose,Chicago,4.698080823597193,2958.4646588777546,3014.6754873964314,295.8464658877755,-121.890591,37.3361663,-87.6244212,41.8755616
airplane,Chicago-San Jose,Chicago,San Jose,4.698080823597193,2958.4646588777546,3014.6754873964314,295.8464658877755,-87.6244212,41.8755616,-121.890591,37.3361663
airplane,Jacksonville-Chicago,Jacksonville,Chicago,2.7376640947705946,1390.131275816476,1416.543770056989,139.0131275816476,-81.655651,30.3321838,-87.6244212,41.8755616
airplane,Chicago-Jacksonville,Chicago,Jacksonville,2.7376640947705946,1390.131275816476,1416.543770056989,139.0131275816476,-87.6244212,41.8755616,-81.655651,30.3321838
airplane,Fort Worth-Chicago,Fort Worth,Chicago,2.658846837336646,1327.077469869317,1352.2919417968337,132.7077469869317,-97.3327459,32.753177,-87.6244212,41.8755616
airplane,Chicago-Fort Worth,Chicago,Fort Worth,2.658846837336646,1327.077469869317,1352.2919417968337,132.7077469869317,-87.6244212,41.8755616,-97.3327459,32.753177
airplane,Columbus-Chicago,Columbus,Chicago,1.553557595470032,442.8460763760255,451.26015182717,44.284607637602555,-83.0007065,39.9622601,-87.6244212,41.8755616
airplane,Chicago-Columbus,Chicago,Columbus,1.553557595470032,442.8460763760255,451.26015182717,44.284607637602555,-87.6244212,41.8755616,-83.0007065,39.9622601
airplane,San Francisco-Chicago,San Francisco,Chicago,4.731495674845634,2985.196539876507,3041.9152741341604,298.5196539876507,-122.4193286,37.7792588,-87.6244212,41.8755616
airplane,Chicago-San Francisco,Chicago,San Francisco,4.731495674845634,2985.196539876507,3041.9152741341604,298.5196539876507,-87.6244212,41.8755616,-122.4193286,37.7792588
airplane,Denver-Chicago,Denver,Chicago,2.8471011447255137,1477.680915780411,1505.7568531802385,147.7680915780411,-104.984862,39.7392364,-87.6244212,41.8755616
airplane,Chicago-Denver,Chicago,Denver,2.8471011447255137,1477.680915780411,1505.7568531802385,147.7680915780411,-87.6244212,41.8755616,-104.984862,39.7392364
airplane,Washington-Chicago,Washington,Chicago,2.1940579940808456,955.2463952646764,973.3960767747052,95.52463952646764,-77.0365427,38.8950368,-87.6244212,41.8755616
airplane,Chicago-Washington,Chicago,Washington,2.1940579940808456,955.2463952646764,973.3960767747052,95.52463952646764,-87.6244212,41.8755616,-77.0365427,38.8950368
airplane,El Paso-Chicago,El Paso,Chicago,3.517311314204647,2013.8490513637173,2052.112183339628,201.38490513637174,-106.4870404,31.7601164,-87.6244212,41.8755616
airplane,Chicago-El Paso,Chicago,El Paso,3.517311314204647,2013.8490513637173,2052.112183339628,201.38490513637174,-87.6244212,41.8755616,-106.4870404,31.7601164
airplane,Detroit-Chicago,Detroit,Chicago,1.476255105344407,381.0040842755257,388.24316187676067,38.10040842755257,-83.0466403,42.3315509,-87.6244212,41.8755616
airplane,Chicago-Detroit,Chicago,Detroit,1.476255105344407,381.0040842755257,388.24316187676067,38.10040842755257,-87.6244212,41.8755616,-83.0466403,42.3315509
airplane,Oklahoma City-Chicago,Oklahoma City,Chicago,2.3927319431754293,1114.1855545403434,1135.35508007661,111.41855545403435,-97.5170536,35.4729886,-87.6244212,41.8755616
airplane,Chicago-Oklahoma City,Chicago,Oklahoma City,2.3927319431754293,1114.1855545403434,1135.35508007661,111.41855545403435,-87.6244212,41.8755616,-97.5170536,35.4729886
airplane,Las Vegas-Chicago,Las Vegas,Chicago,4.061184517619894,2448.947614095915,2495.477618763737,244.89476140959152,-115.1463536,36.171697,-87.6244212,41.8755616
airplane,Chicago-Las Vegas,Chicago,Las Vegas,4.061184517619894,2448.947614095915,2495.477618763737,244.89476140959152,-87.6244212,41.8755616,-115.1463536,36.171697
airplane,Memphis-Chicago,Memphis,Chicago,1.9717837689001927,777.4270151201546,792.1981284074375,77.74270151201546,-90.0517638,35.1460249,-87.6244212,41.8755616
airplane,Chicago-Memphis,Chicago,Memphis,1.9717837689001927,777.4270151201546,792.1981284074375,77.74270151201546,-87.6244212,41.8755616,-90.0517638,35.1460249
airplane,Philadelphia-Houston,Philadelphia,Houston,3.695427333126161,2156.341866500929,2197.3123619644466,215.63418665009291,-75.1635262,39.9527237,-95.3676974,29.7589382
airplane,Houston-Philadelphia,Houston,Philadelphia,3.695427333126161,2156.341866500929,2197.3123619644466,215.63418665009291,-95.3676974,29.7589382,-75.1635262,39.9527237
airplane,San Antonio-Houston,San Antonio,Houston,1.3808291760696965,304.6633408557572,310.4519443320166,30.466334085575724,-98.4951405,29.4246002,-95.3676974,29.7589382
airplane,Houston-San Antonio,Houston,San Antonio,1.3808291760696965,304.6633408557572,310.4519443320166,30.466334085575724,-95.3676974,29.7589382,-98.4951405,29.4246002
airplane,Dallas-Houston,Dallas,Houston,1.4524410101680054,361.9528081344044,368.82991148895803,36.19528081344044,-96.7968559,32.7762719,-95.3676974,29.7589382
airplane,Houston-Dallas,Houston,Dallas,1.4524410101680054,361.9528081344044,368.82991148895803,36.19528081344044,-95.3676974,29.7589382,-96.7968559,32.7762719
airplane,San Jose-Houston,San Jose,Houston,4.234956119176356,2587.964895341085,2637.1362283525655,258.7964895341085,-121.890591,37.3361663,-95.3676974,29.7589382
airplane,Houston-San Jose,Houston,San Jose,4.234956119176356,2587.964895341085,2637.1362283525655,258.7964895341085,-95.3676974,29.7589382,-121.890591,37.3361663
airplane,Jacksonville-Houston,Jacksonville,Houston,2.650707908476134,1320.566326780907,1345.6570869897441,132.05663267809072,-81.655651,30.3321838,-95.3676974,29.7589382
airplane,Houston-Jacksonville,Houston,Jacksonville,2.650707908476134,1320.566326780907,1345.6570869897441,132.05663267809072,-95.3676974,29.7589382,-81.655651,30.3321838
airplane,Fort Worth-Houston,Fort Worth,Houston,1.4771732784047498,381.7386227237998,388.9916565555519,38.17386227237998,-97.3327459,32.753177,-95.3676974,29.7589382
airplane,Houston-Fort Worth,Houston,Fort Worth,1.4771732784047498,381.7386227237998,388.9916565555519,38.17386227237998,-95.3676974,29.7589382,-97.3327459,32.753177
airplane,Columbus-Houston,Columbus,Houston,2.9963007472118592,1597.0405977694872,1627.3843691271074,159.70405977694872,-83.0007065,39.9622601,-95.3676974,29.7589382
airplane,Houston-Columbus,Houston,Columbus,2.9963007472118592,1597.0405977694872,1627.3843691271074,159.70405977694872,-95.3676974,29.7589382,-83.0007065,39.9622601
airplane,San Francisco-Houston,San Francisco,Houston,4.304240010421397,2643.3920083371177,2693.6164564955225,264.3392008337118,-122.4193286,37.7792588,-95.3676974,29.7589382
airplane,Houston-San Francisco,Houston,San Francisco,4.304240010421397,2643.3920083371177,2693.6164564955225,264.3392008337118,-95.3676974,29.7589382,-122.4193286,37.7792588
airplane,Denver-Houston,Denver,Houston,2.7669898354411684,1413.5918683529349,1440.4501138516405,141.35918683529349,-104.984862,39.7392364,-95.3676974,29.7589382
airplane,Houston-Denver,Houston,Denver,2.7669898354411684,1413.5918683529349,1440.4501138516405,141.35918683529349,-95.3676974,29.7589382,-104.984862,39.7392364
airplane,Washington-Houston,Washington,Houston,3.450582338655734,1960.4658709245875,1997.7147224721546,196.04658709245876,-77.0365427,38.8950368,-95.3676974,29.7589382
airplane,Houston-Washington,Houston,Washington,3.450582338655734,1960.4658709245875,1997.7147224721546,196.04658709245876,-95.3676974,29.7589382,-77.0365427,38.8950368
airplane,El Paso-Houston,El Paso,Houston,2.35624019191917,1084.9921535353362,1105.6070044525075,108.49921535353363,-106.4870404,31.7601164,-95.3676974,29.7589382
airplane,Houston-El Paso,Houston,El Paso,2.35624019191917,1084.9921535353362,1105.6070044525075,108.49921535353363,-95.3676974,29.7589382,-106.4870404,31.7601164
airplane,Detroit-Houston,Detroit,Houston,3.2245476754835964,1779.638140386877,1813.4512650542274,177.9638140386877,-83.0466403,42.3315509,-95.3676974,29.7589382
airplane,Houston-Detroit,Houston,Detroit,3.2245476754835964,1779.638140386877,1813.4512650542274,177.9638140386877,-95.3676974,29.7589382,-83.0466403,42.3315509
airplane,Oklahoma City-Houston,Oklahoma City,Houston,1.8330554361204208,666.444348896337,679.1067915253674,66.6444348896337,-97.5170536,35.4729886,-95.3676974,29.7589382
airplane,Houston-Oklahoma City,Houston,Oklahoma City,1.8330554361204208,666.444348896337,679.1067915253674,66.6444348896337,-95.3676974,29.7589382,-97.5170536,35.4729886
airplane,Las Vegas-Houston,Las Vegas,Houston,3.466998145729459,1973.598516583567,2011.0968883986548,197.35985165835672,-115.1463536,36.171697,-95.3676974,29.7589382
airplane,Houston-Las Vegas,Houston,Las Vegas,3.466998145729459,1973.598516583567,2011.0968883986548,197.35985165835672,-95.3676974,29.7589382,-115.1463536,36.171697
airplane,Memphis-Houston,Memphis,Houston,1.974006851530566,779.2054812244528,794.0103853677173,77.92054812244528,-90.0517638,35.1460249,-95.3676974,29.7589382
airplane,Houston-Memphis,Houston,Memphis,1.974006851530566,779.2054812244528,794.0103853677173,77.92054812244528,-95.3676974,29.7589382,-90.0517638,35.1460249
airplane,San Antonio-Philadelphia,San Antonio,Philadelphia,4.0283186147224335,2422.654891777947,2468.6853347217275,242.2654891777947,-98.4951405,29.4246002,-75.1635262,39.9527237
airplane,Philadelphia-San Antonio,Philadelphia,San Antonio,4.0283186147224335,2422.654891777947,2468.6853347217275,242.2654891777947,-75.1635262,39.9527237,-98.4951405,29.4246002
airplane,Dallas-Philadelphia,Dallas,Philadelphia,3.6101715816619633,2088.1372653295707,2127.8118733708325,208.81372653295708,-96.7968559,32.7762719,-75.1635262,39.9527237
airplane,Philadelphia-Dallas,Philadelphia,Dallas,3.6101715816619633,2088.1372653295707,2127.8118733708325,208.81372653295708,-75.1635262,39.9527237,-96.7968559,32.7762719
airplane,San Jose-Philadelphia,San Jose,Philadelphia,6.027591969456177,4022.073575564941,4098.492973500674,402.2073575564941,-121.890591,37.3361663,-75.1635262,39.9527237
airplane,Philadelphia-San Jose,Philadelphia,San Jose,6.027591969456177,4022.073575564941,4098.492973500674,402.2073575564941,-75.1635262,39.9527237,-121.890591,37.3361663
airplane,Jacksonville-Philadelphia,Jacksonville,Philadelphia,2.526165693652656,1220.9325549221246,1244.130273465645,122.09325549221246,-81.655651,30.3321838,-75.1635262,39.9527237
airplane,Philadelphia-Jacksonville,Philadelphia,Jacksonville,2.526165693652656,1220.9325549221246,1244.130273465645,122.09325549221246,-75.1635262,39.9527237,-81.655651,30.3321838
airplane,Fort Worth-Philadelphia,Fort Worth,Philadelphia,3.666760842771086,2133.408674216869,2173.943439026989,213.34086742168688,-97.3327459,32.753177,-75.1635262,39.9527237
airplane,Philadelphia-Fort Worth,Philadelphia,Fort Worth,3.666760842771086,2133.408674216869,2173.943439026989,213.34086742168688,-75.1635262,39.9527237,-97.3327459,32.753177
airplane,Columbus-Philadelphia,Columbus,Philadelphia,1.8347178324413989,667.7742659531192,680.4619770062284,66.77742659531192,-83.0007065,39.9622601,-75.1635262,39.9527237
airplane,Philadelphia-Columbus,Philadelphia,Columbus,1.8347178324413989,667.7742659531192,680.4619770062284,66.77742659531192,-75.1635262,39.9527237,-83.0007065,39.9622601
airplane,San Francisco-Philadelphia,San Francisco,Philadelphia,6.062956135149566,4050.364908119653,4127.321841373926,405.03649081196534,-122.4193286,37.7792588,-75.1635262,39.9527237
airplane,Philadelphia-San Francisco,Philadelphia,San Francisco,6.062956135149566,4050.364908119653,4127.321841373926,405.03649081196534,-75.1635262,39.9527237,-122.4193286,37.7792588
airplane,Denver-Philadelphia,Denver,Philadelphia,4.167556402458524,2534.045121966819,2582.191979284188,253.4045121966819,-104.984862,39.7392364,-75.1635262,39.9527237
airplane,Philadelphia-Denver,Philadelphia,Denver,4.167556402458524,2534.045121966819,2582.191979284188,253.4045121966819,-75.1635262,39.9527237,-104.984862,39.7392364
airplane,Washington-Philadelphia,Washington,Philadelphia,1.249097923843262,199.2783390746096,203.06462751702716,19.92783390746096,-77.0365427,38.8950368,-75.1635262,39.9527237
airplane,Philadelphia-Washington,Philadelphia,Washington,1.249097923843262,199.2783390746096,203.06462751702716,19.92783390746096,-75.1635262,39.9527237,-77.0365427,38.8950368
airplane,El Paso-Philadelphia,El Paso,Philadelphia,4.68584086336389,2948.672690691112,3004.697471814243,294.8672690691112,-106.4870404,31.7601164,-75.1635262,39.9527237
airplane,Philadelphia-El Paso,Philadelphia,El Paso,4.68584086336389,2948.672690691112,3004.697471814243,294.8672690691112,-75.1635262,39.9527237,-106.4870404,31.7601164
airplane,Detroit-Philadelphia,Detroit,Philadelphia,1.8884886918768888,710.7909535015109,724.2959816180395,71.07909535015109,-83.0466403,42.3315509,-75.1635262,39.9527237
airplane,Philadelphia-Detroit,Philadelphia,Detroit,1.8884886918768888,710.7909535015109,724.2959816180395,71.07909535015109,-75.1635262,39.9527237,-83.0466403,42.3315509
airplane,Oklahoma City-Philadelphia,Oklahoma City,Philadelphia,3.528139494424733,2022.5115955397864,2060.939315855042,202.25115955397865,-97.5170536,35.4729886,-75.1635262,39.9527237
airplane,Philadelphia-Oklahoma City,Philadelphia,Oklahoma City,3.528139494424733,2022.5115955397864,2060.939315855042,202.25115955397865,-75.1635262,39.9527237,-97.5170536,35.4729886
airplane,Las Vegas-Philadelphia,Las Vegas,Philadelphia,5.370272073537516,3496.217658830012,3562.645794347782,349.6217658830012,-115.1463536,36.171697,-75.1635262,39.9527237
airplane,Philadelphia-Las Vegas,Philadelphia,Las Vegas,5.370272073537516,3496.217658830012,3562.645794347782,349.6217658830012,-75.1635262,39.9527237,-115.1463536,36.171697
airplane,Memphis-Philadelphia,Memphis,Philadelphia,2.7686391855137806,1414.9113484110246,1441.794664030834,141.49113484110248,-90.0517638,35.1460249,-75.1635262,39.9527237
airplane,Philadelphia-Memphis,Philadelphia,Memphis,2.7686391855137806,1414.9113484110246,1441.794664030834,141.49113484110248,-75.1635262,39.9527237,-90.0517638,35.1460249
airplane,Dallas-San Antonio,Dallas,San Antonio,1.5077937988310248,406.2350390648199,413.95350480705144,40.62350390648199,-96.7968559,32.7762719,-98.4951405,29.4246002
airplane,San Antonio-Dallas,San Antonio,Dallas,1.5077937988310248,406.2350390648199,413.95350480705144,40.62350390648199,-98.4951405,29.4246002,-96.7968559,32.7762719
airplane,San Jose-San Antonio,San Jose,San Antonio,3.919622043897927,2335.6976351183416,2380.0758901855897,233.56976351183417,-121.890591,37.3361663,-98.4951405,29.4246002
airplane,San Antonio-San Jose,San Antonio,San Jose,3.919622043897927,2335.6976351183416,2380.0758901855897,233.56976351183417,-98.4951405,29.4246002,-121.890591,37.3361663
airplane,Jacksonville-San Antonio,Jacksonville,San Antonio,3.031537016870591,1625.229613496473,1656.1089761529058,162.5229613496473,-81.655651,30.3321838,-98.4951405,29.4246002
airplane,San Antonio-Jacksonville,San Antonio,Jacksonville,3.031537016870591,1625.229613496473,1656.1089761529058,162.5229613496473,-98.4951405,29.4246002,-81.655651,30.3321838
airplane,Fort Worth-San Antonio,Fort Worth,San Antonio,1.482884969974682,386.3079759797456,393.6478275233607,38.63079759797456,-97.3327459,32.753177,-98.4951405,29.4246002
airplane,San Antonio-Fort Worth,San Antonio,Fort Worth,1.482884969974682,386.3079759797456,393.6478275233607,38.63079759797456,-98.4951405,29.4246002,-97.3327459,32.753177
airplane,Columbus-San Antonio,Columbus,San Antonio,3.291926810680559,1833.5414485444471,1868.3787360667914,183.3541448544447,-83.0007065,39.9622601,-98.4951405,29.4246002
airplane,San Antonio-Columbus,San Antonio,Columbus,3.291926810680559,1833.5414485444471,1868.3787360667914,183.3541448544447,-98.4951405,29.4246002,-83.0007065,39.9622601
airplane,San Francisco-San Antonio,San Francisco,San Antonio,3.992209125456031,2393.7673003648247,2439.248879071756,239.37673003648248,-122.4193286,37.7792588,-98.4951405,29.4246002
airplane,San Antonio-San Francisco,San Antonio,San Francisco,3.992209125456031,2393.7673003648247,2439.248879071756,239.37673003648248,-98.4951405,29.4246002,-122.4193286,37.7792588
airplane,Denver-San Antonio,Denver,San Antonio,2.613422900034916,1290.7383200279326,1315.2623481084631,129.07383200279327,-104.984862,39.7392364,-98.4951405,29.4246002
airplane,San Antonio-Denver,San Antonio,Denver,2.613422900034916,1290.7383200279326,1315.2623481084631,129.07383200279327,-98.4951405,29.4246002,-104.984862,39.7392364
airplane,Washington-San Antonio,Washington,San Antonio,3.7871408089256193,2229.7126471404954,2272.0771874361644,222.97126471404954,-77.0365427,38.8950368,-98.4951405,29.4246002
airplane,San Antonio-Washington,San Antonio,Washington,3.7871408089256193,2229.7126471404954,2272.0771874361644,222.97126471404954,-98.4951405,29.4246002,-77.0365427,38.8950368
airplane,El Paso-San Antonio,El Paso,San Antonio,2.009489394825226,807.5915158601811,822.9357546615245,80.7591515860181,-106.4870404,31.7601164,-98.4951405,29.4246002
airplane,San Antonio-El Paso,San Antonio,El Paso,2.009489394825226,807.5915158601811,822.9357546615245,80.7591515860181,-98.4951405,29.4246002,-106.4870404,31.7601164
airplane,Detroit-San Antonio,Detroit,San Antonio,3.4912015358913213,1992.961228713057,2030.8274920586048,199.2961228713057,-83.0466403,42.3315509,-98.4951405,29.4246002
airplane,San Antonio-Detroit,San Antonio,Detroit,3.4912015358913213,1992.961228713057,2030.8274920586048,199.2961228713057,-98.4951405,29.4246002,-83.0466403,42.3315509
airplane,Oklahoma City-San Antonio,Oklahoma City,San Antonio,1.8484631950790245,678.7705560632196,691.6671966284207,67.87705560632196,-97.5170536,35.4729886,-98.4951405,29.4246002
airplane,San Antonio-Oklahoma City,San Antonio,Oklahoma City,1.8484631950790245,678.7705560632196,691.6671966284207,67.87705560632196,-98.4951405,29.4246002,-97.5170536,35.4729886
airplane,Las Vegas-San Antonio,Las Vegas,San Antonio,3.155594641663165,1724.475713330532,1757.240751883812,172.44757133305322,-115.1463536,36.171697,-98.4951405,29.4246002
airplane,San Antonio-Las Vegas,San Antonio,Las Vegas,3.155594641663165,1724.475713330532,1757.240751883812,172.44757133305322,-98.4951405,29.4246002,-115.1463536,36.171697
airplane,Memphis-San Antonio,Memphis,San Antonio,2.27060711830064,1016.485694640512,1035.7989228386816,101.6485694640512,-90.0517638,35.1460249,-98.4951405,29.4246002
airplane,San Antonio-Memphis,San Antonio,Memphis,2.27060711830064,1016.485694640512,1035.7989228386816,101.6485694640512,-98.4951405,29.4246002,-90.0517638,35.1460249
airplane,San Jose-Dallas,San Jose,Dallas,3.915362365536721,2332.289892429377,2376.6034003855348,233.2289892429377,-121.890591,37.3361663,-96.7968559,32.7762719
airplane,Dallas-San Jose,Dallas,San Jose,3.915362365536721,2332.289892429377,2376.6034003855348,233.2289892429377,-96.7968559,32.7762719,-121.890591,37.3361663
airplane,Jacksonville-Dallas,Jacksonville,Dallas,2.823562222134919,1458.8497777079351,1486.5679234843858,145.8849777707935,-81.655651,30.3321838,-96.7968559,32.7762719
airplane,Dallas-Jacksonville,Dallas,Jacksonville,2.823562222134919,1458.8497777079351,1486.5679234843858,145.8849777707935,-96.7968559,32.7762719,-81.655651,30.3321838
airplane,Fort Worth-Dallas,Fort Worth,Dallas,1.0627168316531634,50.17346532253081,51.12676116365889,5.0173465322530815,-97.3327459,32.753177,-96.7968559,32.7762719
airplane,Dallas-Fort Worth,Dallas,Fort Worth,1.0627168316531634,50.17346532253081,51.12676116365889,5.0173465322530815,-96.7968559,32.7762719,-97.3327459,32.753177
airplane,Columbus-Dallas,Columbus,Dallas,2.8356035680455465,1468.4828544364373,1496.3840286707293,146.84828544364373,-83.0007065,39.9622601,-96.7968559,32.7762719
airplane,Dallas-Columbus,Dallas,Columbus,2.8356035680455465,1468.4828544364373,1496.3840286707293,146.84828544364373,-96.7968559,32.7762719,-83.0007065,39.9622601
airplane,San Francisco-Dallas,San Francisco,Dallas,3.979146869637488,2383.31749570999,2428.6005281284797,238.33174957099902,-122.4193286,37.7792588,-96.7968559,32.7762719
airplane,Dallas-San Francisco,Dallas,San Francisco,3.979146869637488,2383.31749570999,2428.6005281284797,238.33174957099902,-96.7968559,32.7762719,-122.4193286,37.7792588
airplane,Denver-Dallas,Denver,Dallas,2.3325263588980163,1066.021087118413,1086.275487773663,106.60210871184131,-104.984862,39.7392364,-96.7968559,32.7762719
airplane,Dallas-Denver,Dallas,Denver,2.3325263588980163,1066.021087118413,1086.275487773663,106.60210871184131,-96.7968559,32.7762719,-104.984862,39.7392364
airplane,Washington-Dallas,Washington,Dallas,3.37742253269567,1901.938026156536,1938.07484865351,190.1938026156536,-77.0365427,38.8950368,-96.7968559,32.7762719
airplane,Dallas-Washington,Dallas,Washington,3.37742253269567,1901.938026156536,1938.07484865351,190.1938026156536,-96.7968559,32.7762719,-77.0365427,38.8950368
airplane,El Paso-Dallas,El Paso,Dallas,2.14716813954946,917.7345116395676,935.1714673607192,91.77345116395676,-106.4870404,31.7601164,-96.7968559,32.7762719
airplane,Dallas-El Paso,Dallas,El Paso,2.14716813954946,917.7345116395676,935.1714673607192,91.77345116395676,-96.7968559,32.7762719,-106.4870404,31.7601164
airplane,Detroit-Dallas,Detroit,Dallas,3.0101536150090973,1608.122892007278,1638.6772269554162,160.81228920072783,-83.0466403,42.3315509,-96.7968559,32.7762719
airplane,Dallas-Detroit,Dallas,Detroit,3.0101536150090973,1608.122892007278,1638.6772269554162,160.81228920072783,-96.7968559,32.7762719,-83.0466403,42.3315509
airplane,Oklahoma City-Dallas,Oklahoma City,Dallas,1.383873463586065,307.098770868852,312.9336475153602,30.7098770868852,-97.5170536,35.4729886,-96.7968559,32.7762719
airplane,Dallas-Oklahoma City,Dallas,Oklahoma City,1.383873463586065,307.098770868852,312.9336475153602,30.7098770868852,-96.7968559,32.7762719,-97.5170536,35.4729886
airplane,Las Vegas-Dallas,Las Vegas,Dallas,3.1513210068890456,1721.0568055112365,1753.75688481595,172.10568055112367,-115.1463536,36.171697,-96.7968559,32.7762719
airplane,Dallas-Las Vegas,Dallas,Las Vegas,3.1513210068890456,1721.0568055112365,1753.75688481595,172.10568055112367,-96.7968559,32.7762719,-115.1463536,36.171697
airplane,Memphis-Dallas,Memphis,Dallas,1.8442332737538805,675.3866190031043,688.2189647641633,67.53866190031043,-90.0517638,35.1460249,-96.7968559,32.7762719
airplane,Dallas-Memphis,Dallas,Memphis,1.8442332737538805,675.3866190031043,688.2189647641633,67.53866190031043,-96.7968559,32.7762719,-90.0517638,35.1460249
airplane,Jacksonville-San Jose,Jacksonville,San Jose,5.709605266962326,3767.6842135698607,3839.2702136276876,376.7684213569861,-81.655651,30.3321838,-121.890591,37.3361663
airplane,San Jose-Jacksonville,San Jose,Jacksonville,5.709605266962326,3767.6842135698607,3839.2702136276876,376.7684213569861,-121.890591,37.3361663,-81.655651,30.3321838
airplane,Fort Worth-San Jose,Fort Worth,San Jose,3.857472075536103,2285.9776604288822,2329.4112359770306,228.59776604288822,-97.3327459,32.753177,-121.890591,37.3361663
airplane,San Jose-Fort Worth,San Jose,Fort Worth,3.857472075536103,2285.9776604288822,2329.4112359770306,228.59776604288822,-121.890591,37.3361663,-97.3327459,32.753177
airplane,Columbus-San Jose,Columbus,San Jose,5.203914669182098,3363.131735345679,3427.0312383172463,336.3131735345679,-83.0007065,39.9622601,-121.890591,37.3361663
airplane,San Jose-Columbus,San Jose,Columbus,5.203914669182098,3363.131735345679,3427.0312383172463,336.3131735345679,-121.890591,37.3361663,-83.0007065,39.9622601
airplane,San Francisco-San Jose,San Francisco,San Jose,1.084776548883976,67.82123910718074,69.10984265021717,6.782123910718075,-122.4193286,37.7792588,-121.890591,37.3361663
airplane,San Jose-San Francisco,San Jose,San Francisco,1.084776548883976,67.82123910718074,69.10984265021717,6.782123910718075,-121.890591,37.3361663,-122.4193286,37.7792588
airplane,Denver-San Jose,Denver,San Jose,2.865159479554185,1492.127583643348,1520.4780077325715,149.2127583643348,-104.984862,39.7392364,-121.890591,37.3361663
airplane,San Jose-Denver,San Jose,Denver,2.865159479554185,1492.127583643348,1520.4780077325715,149.2127583643348,-121.890591,37.3361663,-104.984862,39.7392364
airplane,Washington-San Jose,Washington,San Jose,5.86000386013521,3888.003088108168,3961.8751467822226,388.80030881081683,-77.0365427,38.8950368,-121.890591,37.3361663
airplane,San Jose-Washington,San Jose,Washington,5.86000386013521,3888.003088108168,3961.8751467822226,388.80030881081683,-121.890591,37.3361663,-77.0365427,38.8950368
airplane,El Paso-San Jose,El Paso,San Jose,2.923114274220444,1538.4914193763548,1567.7227563445053,153.8491419376355,-106.4870404,31.7601164,-121.890591,37.3361663
airplane,San Jose-El Paso,San Jose,El Paso,2.923114274220444,1538.4914193763548,1567.7227563445053,153.8491419376355,-121.890591,37.3361663,-106.4870404,31.7601164
airplane,Detroit-San Jose,Detroit,San Jose,5.166732849861685,3333.386279889348,3396.7206192072454,333.33862798893483,-83.0466403,42.3315509,-121.890591,37.3361663
airplane,San Jose-Detroit,San Jose,Detroit,5.166732849861685,3333.386279889348,3396.7206192072454,333.33862798893483,-121.890591,37.3361663,-83.0466403,42.3315509
airplane,Oklahoma City-San Jose,Oklahoma City,San Jose,3.73129839712426,2185.038717699408,2226.5544533356965,218.50387176994082,-97.5170536,35.4729886,-121.890591,37.3361663
airplane,San Jose-Oklahoma City,San Jose,Oklahoma City,3.73129839712426,2185.038717699408,2226.5544533356965,218.50387176994082,-121.890591,37.3361663,-97.5170536,35.4729886
airplane,Las Vegas-San Jose,Las Vegas,San Jose,1.7681179873542594,614.4943898834075,626.1697832911922,61.44943898834075,-115.1463536,36.171697,-121.890591,37.3361663
airplane,San Jose-Las Vegas,San Jose,Las Vegas,1.7681179873542594,614.4943898834075,626.1697832911922,61.44943898834075,-121.890591,37.3361663,-115.1463536,36.171697
airplane,Memphis-San Jose,Memphis,San Jose,4.565335307535588,2852.2682460284705,2906.4613427030113,285.22682460284705,-90.0517638,35.1460249,-121.890591,37.3361663
airplane,San Jose-Memphis,San Jose,Memphis,4.565335307535588,2852.2682460284705,2906.4613427030113,285.22682460284705,-121.890591,37.3361663,-90.0517638,35.1460249
airplane,Fort Worth-Jacksonville,Fort Worth,Jacksonville,2.885451416271398,1508.3611330171184,1537.0199945444435,150.83611330171183,-97.3327459,32.753177,-81.655651,30.3321838
airplane,Jacksonville-Fort Worth,Jacksonville,Fort Worth,2.885451416271398,1508.3611330171184,1537.0199945444435,150.83611330171183,-81.655651,30.3321838,-97.3327459,32.753177
airplane,Columbus-Jacksonville,Columbus,Jacksonville,2.3471695266430155,1077.735621314412,1098.2125981193856,107.7735621314412,-83.0007065,39.9622601,-81.655651,30.3321838
airplane,Jacksonville-Columbus,Jacksonville,Columbus,2.3471695266430155,1077.735621314412,1098.2125981193856,107.7735621314412,-81.655651,30.3321838,-83.0007065,39.9622601
airplane,San Francisco-Jacksonville,San Francisco,Jacksonville,5.767833365910537,3814.26669272843,3886.73775989027,381.426669272843,-122.4193286,37.7792588,-81.655651,30.3321838
airplane,Jacksonville-San Francisco,Jacksonville,San Francisco,5.767833365910537,3814.26669272843,3886.73775989027,381.426669272843,-81.655651,30.3321838,-122.4193286,37.7792588
airplane,Denver-Jacksonville,Denver,Jacksonville,3.947388519408197,2357.910815526557,2402.7111210215617,235.79108155265573,-104.984862,39.7392364,-81.655651,30.3321838
airplane,Jacksonville-Denver,Jacksonville,Denver,3.947388519408197,2357.910815526557,2402.7111210215617,235.79108155265573,-81.655651,30.3321838,-104.984862,39.7392364
airplane,Washington-Jacksonville,Washington,Jacksonville,2.301697318518962,1041.3578548151695,1061.1436540566576,104.13578548151696,-77.0365427,38.8950368,-81.655651,30.3321838
airplane,Jacksonville-Washington,Jacksonville,Washington,2.301697318518962,1041.3578548151695,1061.1436540566576,104.13578548151696,-81.655651,30.3321838,-77.0365427,38.8950368
airplane,El Paso-Jacksonville,El Paso,Jacksonville,3.9572693639020007,2365.8154911216006,2410.7659854529106,236.58154911216008,-106.4870404,31.7601164,-81.655651,30.3321838
airplane,Jacksonville-El Paso,Jacksonville,El Paso,3.9572693639020007,2365.8154911216006,2410.7659854529106,236.58154911216008,-81.655651,30.3321838,-106.4870404,31.7601164
airplane,Detroit-Jacksonville,Detroit,Jacksonville,2.675023066700688,1340.0184533605502,1365.4788039744005,134.00184533605503,-83.0466403,42.3315509,-81.655651,30.3321838
airplane,Jacksonville-Detroit,Jacksonville,Detroit,2.675023066700688,1340.0184533605502,1365.4788039744005,134.00184533605503,-81.655651,30.3321838,-83.0466403,42.3315509
airplane,Oklahoma City-Jacksonville,Oklahoma City,Jacksonville,2.9811842079905952,1584.947366392476,1615.0613663539327,158.4947366392476,-97.5170536,35.4729886,-81.655651,30.3321838
airplane,Jacksonville-Oklahoma City,Jacksonville,Oklahoma City,2.9811842079905952,1584.947366392476,1615.0613663539327,158.4947366392476,-81.655651,30.3321838,-97.5170536,35.4729886
airplane,Las Vegas-Jacksonville,Las Vegas,Jacksonville,4.956038718470449,3164.8309747763587,3224.962763297109,316.4830974776359,-115.1463536,36.171697,-81.655651,30.3321838
airplane,Jacksonville-Las Vegas,Jacksonville,Las Vegas,4.956038718470449,3164.8309747763587,3224.962763297109,316.4830974776359,-81.655651,30.3321838,-115.1463536,36.171697
airplane,Memphis-Jacksonville,Memphis,Jacksonville,2.187217003074695,949.773602459756,967.8193009064913,94.9773602459756,-90.0517638,35.1460249,-81.655651,30.3321838
airplane,Jacksonville-Memphis,Jacksonville,Memphis,2.187217003074695,949.773602459756,967.8193009064913,94.9773602459756,-81.655651,30.3321838,-90.0517638,35.1460249
airplane,Columbus-Fort Worth,Columbus,Fort Worth,2.887872499729905,1510.297999783924,1538.9936617798185,151.02979997839242,-83.0007065,39.9622601,-97.3327459,32.753177
airplane,Fort Worth-Columbus,Fort Worth,Columbus,2.887872499729905,1510.297999783924,1538.9936617798185,151.02979997839242,-97.3327459,32.753177,-83.0007065,39.9622601
airplane,San Francisco-Fort Worth,San Francisco,Fort Worth,3.9217374173410326,2337.389933872826,2381.8003426164096,233.73899338728262,-122.4193286,37.7792588,-97.3327459,32.753177
airplane,Fort Worth-San Francisco,Fort Worth,San Francisco,3.9217374173410326,2337.389933872826,2381.8003426164096,233.73899338728262,-97.3327459,32.753177,-122.4193286,37.7792588
airplane,Denver-Fort Worth,Denver,Fort Worth,2.294559072370622,1035.6472578964974,1055.3245557965308,103.56472578964974,-104.984862,39.7392364,-97.3327459,32.753177
airplane,Fort Worth-Denver,Fort Worth,Denver,2.294559072370622,1035.6472578964974,1055.3245557965308,103.56472578964974,-97.3327459,32.753177,-104.984862,39.7392364
airplane,Washington-Fort Worth,Washington,Fort Worth,3.434956198159821,1947.9649585278569,1984.976292739886,194.7964958527857,-77.0365427,38.8950368,-97.3327459,32.753177
airplane,Fort Worth-Washington,Fort Worth,Washington,3.434956198159821,1947.9649585278569,1984.976292739886,194.7964958527857,-97.3327459,32.753177,-77.0365427,38.8950368
airplane,El Paso-Fort Worth,El Paso,Fort Worth,2.0844795696039764,867.5836556831812,884.0677451411616,86.75836556831813,-106.4870404,31.7601164,-97.3327459,32.753177
airplane,Fort Worth-El Paso,Fort Worth,El Paso,2.0844795696039764,867.5836556831812,884.0677451411616,86.75836556831813,-97.3327459,32.753177,-106.4870404,31.7601164
airplane,Detroit-Fort Worth,Detroit,Fort Worth,3.056823558094648,1645.4588464757185,1676.7225645587569,164.54588464757185,-83.0466403,42.3315509,-97.3327459,32.753177
airplane,Fort Worth-Detroit,Fort Worth,Detroit,3.056823558094648,1645.4588464757185,1676.7225645587569,164.54588464757185,-97.3327459,32.753177,-83.0466403,42.3315509
airplane,Oklahoma City-Fort Worth,Oklahoma City,Fort Worth,1.3786308119727404,302.9046495781922,308.65983792017784,30.290464957819225,-97.5170536,35.4729886,-97.3327459,32.753177
airplane,Fort Worth-Oklahoma City,Fort Worth,Oklahoma City,1.3786308119727404,302.9046495781922,308.65983792017784,30.290464957819225,-97.3327459,32.753177,-97.5170536,35.4729886
airplane,Las Vegas-Fort Worth,Las Vegas,Fort Worth,3.0927115981645685,1674.169278531655,1705.9784948237564,167.4169278531655,-115.1463536,36.171697,-97.3327459,32.753177
airplane,Fort Worth-Las Vegas,Fort Worth,Las Vegas,3.0927115981645685,1674.169278531655,1705.9784948237564,167.4169278531655,-97.3327459,32.753177,-115.1463536,36.171697
airplane,Memphis-Fort Worth,Memphis,Fort Worth,1.9026769279325049,722.1415423460039,735.8622316505779,72.2141542346004,-90.0517638,35.1460249,-97.3327459,32.753177
airplane,Fort Worth-Memphis,Fort Worth,Memphis,1.9026769279325049,722.1415423460039,735.8622316505779,72.2141542346004,-97.3327459,32.753177,-90.0517638,35.1460249
airplane,San Francisco-Columbus,San Francisco,Columbus,5.241777434755719,3393.421947804576,3457.8969648128627,339.34219478045765,-122.4193286,37.7792588,-83.0007065,39.9622601
airplane,Columbus-San Francisco,Columbus,San Francisco,5.241777434755719,3393.421947804576,3457.8969648128627,339.34219478045765,-83.0007065,39.9622601,-122.4193286,37.7792588
airplane,Denver-Columbus,Denver,Columbus,3.340123360462191,1872.0986883697528,1907.668563448778,187.2098688369753,-104.984862,39.7392364,-83.0007065,39.9622601
airplane,Columbus-Denver,Columbus,Denver,3.340123360462191,1872.0986883697528,1907.668563448778,187.2098688369753,-83.0007065,39.9622601,-104.984862,39.7392364
airplane,Washington-Columbus,Washington,Columbus,1.6571347446035891,525.7077956828715,535.696243800846,52.57077956828715,-77.0365427,38.8950368,-83.0007065,39.9622601
airplane,Columbus-Washington,Columbus,Washington,1.6571347446035891,525.7077956828715,535.696243800846,52.57077956828715,-83.0007065,39.9622601,-77.0365427,38.8950368
airplane,El Paso-Columbus,El Paso,Columbus,3.86956229740548,2295.6498379243835,2339.2671848449468,229.56498379243837,-106.4870404,31.7601164,-83.0007065,39.9622601
airplane,Columbus-El Paso,Columbus,El Paso,3.86956229740548,2295.6498379243835,2339.2671848449468,229.56498379243837,-83.0007065,39.9622601,-106.4870404,31.7601164
airplane,Detroit-Columbus,Detroit,Columbus,1.3293514713347658,263.48117706781267,268.48731943210106,26.348117706781267,-83.0466403,42.3315509,-83.0007065,39.9622601
airplane,Columbus-Detroit,Columbus,Detroit,1.3293514713347658,263.48117706781267,268.48731943210106,26.348117706781267,-83.0007065,39.9622601,-83.0466403,42.3315509
airplane,Oklahoma City-Columbus,Oklahoma City,Columbus,2.7111361102836584,1368.9088882269266,1394.9181571032382,136.89088882269266,-97.5170536,35.4729886,-83.0007065,39.9622601
airplane,Columbus-Oklahoma City,Columbus,Oklahoma City,2.7111361102836584,1368.9088882269266,1394.9181571032382,136.89088882269266,-83.0007065,39.9622601,-97.5170536,35.4729886
airplane,Las Vegas-Columbus,Las Vegas,Columbus,4.537407436406376,2829.925949125101,2883.694542158478,282.9925949125101,-115.1463536,36.171697,-83.0007065,39.9622601
airplane,Columbus-Las Vegas,Columbus,Las Vegas,4.537407436406376,2829.925949125101,2883.694542158478,282.9925949125101,-83.0007065,39.9622601,-115.1463536,36.171697
airplane,Memphis-Columbus,Memphis,Columbus,2.0249557267712657,819.9645814170126,835.5439084639357,81.99645814170127,-90.0517638,35.1460249,-83.0007065,39.9622601
airplane,Columbus-Memphis,Columbus,Memphis,2.0249557267712657,819.9645814170126,835.5439084639357,81.99645814170127,-83.0007065,39.9622601,-90.0517638,35.1460249
airplane,Denver-San Francisco,Denver,San Francisco,2.906059521544725,1524.84761723578,1553.8197219632598,152.484761723578,-104.984862,39.7392364,-122.4193286,37.7792588
airplane,San Francisco-Denver,San Francisco,Denver,2.906059521544725,1524.84761723578,1553.8197219632598,152.484761723578,-122.4193286,37.7792588,-104.984862,39.7392364
airplane,Washington-San Francisco,Washington,San Francisco,5.898417633707736,3918.734106966189,3993.190054998546,391.8734106966189,-77.0365427,38.8950368,-122.4193286,37.7792588
airplane,San Francisco-Washington,San Francisco,Washington,5.898417633707736,3918.734106966189,3993.190054998546,391.8734106966189,-122.4193286,37.7792588,-77.0365427,38.8950368
airplane,El Paso-San Francisco,El Paso,San Francisco,2.998653579106294,1598.9228632850352,1629.3023976874508,159.89228632850353,-106.4870404,31.7601164,-122.4193286,37.7792588
airplane,San Francisco-El Paso,San Francisco,El Paso,2.998653579106294,1598.9228632850352,1629.3023976874508,159.89228632850353,-122.4193286,37.7792588,-106.4870404,31.7601164
airplane,Detroit-San Francisco,Detroit,San Francisco,5.198292818331609,3358.6342546652872,3422.4483055039273,335.8634254665287,-83.0466403,42.3315509,-122.4193286,37.7792588
airplane,San Francisco-Detroit,San Francisco,Detroit,5.198292818331609,3358.6342546652872,3422.4483055039273,335.8634254665287,-122.4193286,37.7792588,-83.0466403,42.3315509
airplane,Oklahoma City-San Francisco,Oklahoma City,San Francisco,3.7879362692306064,2230.349015384485,2272.72564667679,223.0349015384485,-97.5170536,35.4729886,-122.4193286,37.7792588
airplane,San Francisco-Oklahoma City,San Francisco,Oklahoma City,3.7879362692306064,2230.349015384485,2272.72564667679,223.0349015384485,-122.4193286,37.7792588,-97.5170536,35.4729886
airplane,Las Vegas-San Francisco,Las Vegas,San Francisco,1.837680792724348,670.1446341794781,682.8773822288881,67.01446341794781,-115.1463536,36.171697,-122.4193286,37.7792588
airplane,San Francisco-Las Vegas,San Francisco,Las Vegas,1.837680792724348,670.1446341794781,682.8773822288881,67.01446341794781,-122.4193286,37.7792588,-115.1463536,36.171697
airplane,Memphis-San Francisco,Memphis,San Francisco,4.6185911123824575,2894.8728899059656,2949.8754748141787,289.4872889905966,-90.0517638,35.1460249,-122.4193286,37.7792588
airplane,San Francisco-Memphis,San Francisco,Memphis,4.6185911123824575,2894.8728899059656,2949.8754748141787,289.4872889905966,-122.4193286,37.7792588,-90.0517638,35.1460249
airplane,Washington-Denver,Washington,Denver,3.995451443408706,2396.3611547269647,2441.8920166667767,239.63611547269647,-77.0365427,38.8950368,-104.984862,39.7392364
airplane,Denver-Washington,Denver,Washington,3.995451443408706,2396.3611547269647,2441.8920166667767,239.63611547269647,-104.984862,39.7392364,-77.0365427,38.8950368
airplane,El Paso-Denver,El Paso,Denver,2.1218645695392384,897.4916556313908,914.5439970883872,89.74916556313909,-106.4870404,31.7601164,-104.984862,39.7392364
airplane,Denver-El Paso,Denver,El Paso,2.1218645695392384,897.4916556313908,914.5439970883872,89.74916556313909,-104.984862,39.7392364,-106.4870404,31.7601164
airplane,Detroit-Denver,Detroit,Denver,3.321466694985527,1857.1733559884217,1892.4596497522016,185.71733559884217,-83.0466403,42.3315509,-104.984862,39.7392364
airplane,Denver-Detroit,Denver,Detroit,3.321466694985527,1857.1733559884217,1892.4596497522016,185.71733559884217,-104.984862,39.7392364,-83.0466403,42.3315509
airplane,Oklahoma City-Denver,Oklahoma City,Denver,2.0132115894469926,810.569271557594,825.9700877171882,81.05692715575941,-97.5170536,35.4729886,-104.984862,39.7392364
airplane,Denver-Oklahoma City,Denver,Oklahoma City,2.0132115894469926,810.569271557594,825.9700877171882,81.05692715575941,-104.984862,39.7392364,-97.5170536,35.4729886
airplane,Las Vegas-Denver,Las Vegas,Denver,2.218085009831249,974.468007864999,992.9829000144339,97.4468007864999,-115.1463536,36.171697,-104.984862,39.7392364
airplane,Denver-Las Vegas,Denver,Las Vegas,2.218085009831249,974.468007864999,992.9829000144339,97.4468007864999,-104.984862,39.7392364,-115.1463536,36.171697
airplane,Memphis-Denver,Memphis,Denver,2.7645456271079474,1411.636501686358,1438.4575952183989,141.16365016863583,-90.0517638,35.1460249,-104.984862,39.7392364
airplane,Denver-Memphis,Denver,Memphis,2.7645456271079474,1411.636501686358,1438.4575952183989,141.16365016863583,-104.984862,39.7392364,-90.0517638,35.1460249
airplane,El Paso-Washington,El Paso,Washington,4.466593247244456,2773.2745977955647,2825.9668151536803,277.3274597795565,-106.4870404,31.7601164,-77.0365427,38.8950368
airplane,Washington-El Paso,Washington,El Paso,4.466593247244456,2773.2745977955647,2825.9668151536803,277.3274597795565,-77.0365427,38.8950368,-106.4870404,31.7601164
airplane,Detroit-Washington,Detroit,Washington,1.7935661906899345,634.8529525519474,646.9151586504344,63.48529525519474,-83.0466403,42.3315509,-77.0365427,38.8950368
airplane,Washington-Detroit,Washington,Detroit,1.7935661906899345,634.8529525519474,646.9151586504344,63.48529525519474,-77.0365427,38.8950368,-83.0466403,42.3315509
airplane,Oklahoma City-Washington,Oklahoma City,Washington,3.3120202095402247,1849.61616763218,1884.758874817191,184.961616763218,-97.5170536,35.4729886,-77.0365427,38.8950368
airplane,Washington-Oklahoma City,Washington,Oklahoma City,3.3120202095402247,1849.61616763218,1884.758874817191,184.961616763218,-77.0365427,38.8950368,-97.5170536,35.4729886
airplane,Las Vegas-Washington,Las Vegas,Washington,5.187076630419061,3349.661304335249,3413.3048691176186,334.96613043352494,-115.1463536,36.171697,-77.0365427,38.8950368
airplane,Washington-Las Vegas,Washington,Las Vegas,5.187076630419061,3349.661304335249,3413.3048691176186,334.96613043352494,-77.0365427,38.8950368,-115.1463536,36.171697
airplane,Memphis-Washington,Memphis,Washington,2.5337718476591045,1227.0174781272838,1250.330810211702,122.70174781272839,-90.0517638,35.1460249,-77.0365427,38.8950368
airplane,Washington-Memphis,Washington,Memphis,2.5337718476591045,1227.0174781272838,1250.330810211702,122.70174781272839,-77.0365427,38.8950368,-90.0517638,35.1460249
airplane,Detroit-El Paso,Detroit,El Paso,3.972312406707419,2377.849925365935,2423.029073947888,237.78499253659353,-83.0466403,42.3315509,-106.4870404,31.7601164
airplane,El Paso-Detroit,El Paso,Detroit,3.972312406707419,2377.849925365935,2423.029073947888,237.78499253659353,-106.4870404,31.7601164,-83.0466403,42.3315509
airplane,Oklahoma City-El Paso,Oklahoma City,El Paso,2.158775194325205,927.020155460164,944.633538413907,92.70201554601641,-97.5170536,35.4729886,-106.4870404,31.7601164
airplane,El Paso-Oklahoma City,El Paso,Oklahoma City,2.158775194325205,927.020155460164,944.633538413907,92.70201554601641,-106.4870404,31.7601164,-97.5170536,35.4729886
airplane,Las Vegas-El Paso,Las Vegas,El Paso,2.17076114071472,936.608912571776,954.4044819106397,93.66089125717761,-115.1463536,36.171697,-106.4870404,31.7601164
airplane,El Paso-Las Vegas,El Paso,Las Vegas,2.17076114071472,936.608912571776,954.4044819106397,93.66089125717761,-106.4870404,31.7601164,-115.1463536,36.171697
airplane,Memphis-El Paso,Memphis,El Paso,2.9606417608831817,1568.5134087065453,1598.3151634719695,156.85134087065455,-90.0517638,35.1460249,-106.4870404,31.7601164
airplane,El Paso-Memphis,El Paso,Memphis,2.9606417608831817,1568.5134087065453,1598.3151634719695,156.85134087065455,-106.4870404,31.7601164,-90.0517638,35.1460249
airplane,Oklahoma City-Detroit,Oklahoma City,Detroit,2.8289091905336408,1463.1273524269125,1490.9267721230237,146.31273524269125,-97.5170536,35.4729886,-83.0466403,42.3315509
airplane,Detroit-Oklahoma City,Detroit,Oklahoma City,2.8289091905336408,1463.1273524269125,1490.9267721230237,146.31273524269125,-83.0466403,42.3315509,-97.5170536,35.4729886
airplane,Las Vegas-Detroit,Las Vegas,Detroit,4.536751227700596,2829.400982160477,2883.1596008215256,282.9400982160477,-115.1463536,36.171697,-83.0466403,42.3315509
airplane,Detroit-Las Vegas,Detroit,Las Vegas,4.536751227700596,2829.400982160477,2883.1596008215256,282.9400982160477,-83.0466403,42.3315509,-115.1463536,36.171697
airplane,Memphis-Detroit,Memphis,Detroit,2.253705801460022,1002.9646411680176,1022.0209693502098,100.29646411680176,-90.0517638,35.1460249,-83.0466403,42.3315509
airplane,Detroit-Memphis,Detroit,Memphis,2.253705801460022,1002.9646411680176,1022.0209693502098,100.29646411680176,-83.0466403,42.3315509,-90.0517638,35.1460249
airplane,Las Vegas-Oklahoma City,Las Vegas,Oklahoma City,2.98648330724266,1589.186645794128,1619.3811920642163,158.91866457941282,-115.1463536,36.171697,-97.5170536,35.4729886
airplane,Oklahoma City-Las Vegas,Oklahoma City,Las Vegas,2.98648330724266,1589.186645794128,1619.3811920642163,158.91866457941282,-97.5170536,35.4729886,-115.1463536,36.171697
airplane,Memphis-Oklahoma City,Memphis,Oklahoma City,1.8477634600424733,678.2107680339786,691.0967726266242,67.82107680339787,-90.0517638,35.1460249,-97.5170536,35.4729886
airplane,Oklahoma City-Memphis,Oklahoma City,Memphis,1.8477634600424733,678.2107680339786,691.0967726266242,67.82107680339787,-97.5170536,35.4729886,-90.0517638,35.1460249
airplane,Memphis-Las Vegas,Memphis,Las Vegas,3.829705659810323,2263.7645278482582,2306.776053877375,226.37645278482583,-90.0517638,35.1460249,-115.1463536,36.171697
airplane,Las Vegas-Memphis,Las Vegas,Memphis,3.829705659810323,2263.7645278482582,2306.776053877375,226.37645278482583,-115.1463536,36.171697,-90.0517638,35.1460249
ship,Los Angeles-New York,Los Angeles,New York,308.0846666666667,9242.54,46.212700000000005,184.85080000000002,-118.242766,34.0536909,-74.0060152,40.7127281
ship,Chicago-New York,Chicago,New York,166.41933333333333,4992.58,24.9629,99.8516,-87.6244212,41.8755616,-74.0060152,40.7127281
ship,San Diego-New York,San Diego,New York,304.5673333333333,9137.02,45.685100000000006,182.74040000000002,-117.162772,32.7174202,-74.0060152,40.7127281
ship,San Francisco-New York,San Francisco,New York,329.9026666666667,9897.08,49.4854,197.9416,-122.4193286,37.7792588,-74.0060152,40.7127281
ship,Seattle-New York,Seattle,New York,380.52166666666665,11415.65,57.07825,228.313,-122.330062,47.6038321,-74.0060152,40.7127281
ship,Washington-New York,Washington,New York,25.057,751.71,3.75855,15.0342,-77.0365427,38.8950368,-74.0060152,40.7127281
ship,Boston-New York,Boston,New York,14.722,441.66,2.2083000000000004,8.833200000000001,-71.060511,42.3554334,-74.0060152,40.7127281
ship,Baltimore-New York,Baltimore,New York,25.651333333333334,769.54,3.8477,15.3908,-76.610759,39.2908816,-74.0060152,40.7127281
ship,New York-Los Angeles,New York,Los Angeles,308.0846666666667,9242.54,46.212700000000005,184.85080000000002,-74.0060152,40.7127281,-118.242766,34.0536909
ship,New York-Chicago,New York,Chicago,166.41933333333333,4992.58,24.9629,99.8516,-74.0060152,40.7127281,-87.6244212,41.8755616
ship,New York-San Diego,New York,San Diego,304.5673333333333,9137.02,45.685100000000006,182.74040000000002,-74.0060152,40.7127281,-117.162772,32.7174202
ship,New York-San Francisco,New York,San Francisco,329.9026666666667,9897.08,49.4854,197.9416,-74.0060152,40.7127281,-122.4193286,37.7792588
ship,New York-Seattle,New York,Seattle,380.52166666666665,11415.65,57.07825,228.313,-74.0060152,40.7127281,-122.330062,47.6038321
ship,New York-Washington,New York,Washington,25.057,751.71,3.75855,15.0342,-74.0060152,40.7127281,-77.0365427,38.8950368
ship,New York-Boston,New York,Boston,14.722,441.66,2.2083000000000004,8.833200000000001,-74.0060152,40.7127281,-71.060511,42.3554334
ship,New York-Baltimore,New York,Baltimore,25.651333333333334,769.54,3.8477,15.3908,-74.0060152,40.7127281,-76.610759,39.2908816
ship,Los Angeles-Seattle,Los Angeles,Seattle,76.22766666666666,2286.83,11.43415,45.7366,-118.242766,34.0536909,-122.330062,47.6038321
ship,Chicago-Seattle,Chicago,Seattle,534.5976666666667,16037.93,80.18965,320.7586,-87.6244212,41.8755616,-122.330062,47.6038321
ship,San Diego-Seattle,San Diego,Seattle,79.77,2393.1,11.9655,47.862,-117.162772,32.7174202,-122.330062,47.6038321
ship,San Francisco-Seattle,San Francisco,Seattle,53.17133333333334,1595.14,7.975700000000001,31.902800000000003,-122.4193286,37.7792588,-122.330062,47.6038321
ship,Washington-Seattle,Washington,Seattle,376.0663333333333,11281.99,56.40995,225.6398,-77.0365427,38.8950368,-122.330062,47.6038321
ship,Boston-Seattle,Boston,Seattle,389.059,11671.77,58.358850000000004,233.43540000000002,-71.060511,42.3554334,-122.330062,47.6038321
ship,Baltimore-Seattle,Baltimore,Seattle,376.6603333333333,11299.81,56.49905,225.9962,-76.610759,39.2908816,-122.330062,47.6038321
ship,Seattle-Los Angeles,Seattle,Los Angeles,76.22766666666666,2286.83,11.43415,45.7366,-122.330062,47.6038321,-118.242766,34.0536909
ship,Seattle-Chicago,Seattle,Chicago,534.5976666666667,16037.93,80.18965,320.7586,-122.330062,47.6038321,-87.6244212,41.8755616
ship,Seattle-San Diego,Seattle,San Diego,79.77,2393.1,11.9655,47.862,-122.330062,47.6038321,-117.162772,32.7174202
ship,Seattle-San Francisco,Seattle,San Francisco,53.17133333333334,1595.14,7.975700000000001,31.902800000000003,-122.330062,47.6038321,-122.4193286,37.7792588
ship,Seattle-Washington,Seattle,Washington,376.0663333333333,11281.99,56.40995,225.6398,-122.330062,47.6038321,-77.0365427,38.8950368
ship,Seattle-Boston,Seattle,Boston,389.059,11671.77,58.358850000000004,233.43540000000002,-122.330062,47.6038321,-71.060511,42.3554334
ship,Seattle-Baltimore,Seattle,Baltimore,376.6603333333333,11299.81,56.49905,225.9962,-122.330062,47.6038321,-76.610759,39.2908816
ship,Los Angeles-Boston,Los Angeles,Boston,316.62233333333336,9498.67,47.49335,189.9734,-118.242766,34.0536909,-71.060511,42.3554334
ship,Chicago-Boston,Chicago,Boston,157.63033333333334,4728.91,23.64455,94.5782,-87.6244212,41.8755616,-71.060511,42.3554334
ship,San Diego-Boston,San Diego,Boston,313.105,9393.15,46.96575,187.863,-117.162772,32.7174202,-71.060511,42.3554334
ship,San Francisco-Boston,San Francisco,Boston,338.44,10153.2,50.766000000000005,203.06400000000002,-122.4193286,37.7792588,-71.060511,42.3554334
ship,Washington-Boston,Washington,Boston,37.106,1113.18,5.5659,22.2636,-77.0365427,38.8950368,-71.060511,42.3554334
ship,Baltimore-Boston,Baltimore,Boston,37.7,1131.0,5.655,22.62,-76.610759,39.2908816,-71.060511,42.3554334
ship,Boston-Los Angeles,Boston,Los Angeles,316.62233333333336,9498.67,47.49335,189.9734,-71.060511,42.3554334,-118.242766,34.0536909
ship,Boston-Chicago,Boston,Chicago,157.63033333333334,4728.91,23.64455,94.5782,-71.060511,42.3554334,-87.6244212,41.8755616
ship,Boston-San Diego,Boston,San Diego,313.105,9393.15,46.96575,187.863,-71.060511,42.3554334,-117.162772,32.7174202
ship,Boston-San Francisco,Boston,San Francisco,338.44,10153.2,50.766000000000005,203.06400000000002,-71.060511,42.3554334,-122.4193286,37.7792588
ship,Boston-Washington,Boston,Washington,37.106,1113.18,5.5659,22.2636,-71.060511,42.3554334,-77.0365427,38.8950368
ship,Boston-Baltimore,Boston,Baltimore,37.7,1131.0,5.655,22.62,-71.060511,42.3554334,-76.610759,39.2908816
train,New York - Chicago,New York,Chicago,19.01896802837237,1521.51744226979,42.298184895100164,76.07587211348951,40.7127281,-74.0060152,41.8755616,-87.6244212
train,New York - Washington,New York,Washington,4.917352819939061,393.3882255951249,10.936192671544472,19.669411279756247,40.7127281,-74.0060152,38.8950368,-77.0365427
train,New York - Boston,New York,Boston,4.692982169822069,375.4385735857656,10.437192345684283,18.77192867928828,40.7127281,-74.0060152,42.3554334,-71.060511
train,San Diego - San Antonio,San Diego,San Antonio,26.377024172308285,2110.161933784663,58.66250175921362,105.50809668923314,32.7174202,-117.162772,29.4246002,-98.4951405
train,San Antonio - Austin,San Antonio,Austin,1.5750857480319929,126.00685984255944,3.5029907036231522,6.300342992127972,29.4246002,-98.4951405,30.2711286,-97.7436995
train,San Antonio - Houston,San Antonio,Houston,4.376634106618563,350.13072852948505,9.733634253119684,17.506536426474252,29.4246002,-98.4951405,29.7589382,-95.3676974
train,Los Angeles - San Diego,Los Angeles,San Diego,2.390792362389529,191.26338899116232,5.317122213954312,9.563169449558115,34.0536909,-118.242766,32.7174202,-117.162772
train,Los Angeles - Austin,Los Angeles,Austin,29.00600040456517,2320.4800323652144,64.50934489975296,116.02400161826073,34.0536909,-118.242766,30.2711286,-97.7436995
train,Los Angeles - San Jose,Los Angeles,San Jose,6.828462395290375,546.27699162323,15.186500367125792,27.3138495811615,34.0536909,-118.242766,37.3361663,-121.890591
train,Chicago - Detroit,Chicago,Detroit,6.401505608131345,512.1204486505076,14.23694847248411,25.60602243252538,41.8755616,-87.6244212,42.3315509,-83.0466403
train,Washington - Jacksonville,Washington,Jacksonville,13.538273359247489,1083.0618687397991,30.109119950966413,54.15309343698996,38.8950368,-77.0365427,30.3321838,-81.655651
train,Chicago - Louisville,Chicago,Louisville,5.668081087278531,453.44648698228247,12.605812338107452,22.672324349114124,41.8755616,-87.6244212,38.2542376,-85.759407
train,Chicago - New York,Chicago,New York,19.01896802837237,1521.51744226979,42.298184895100164,76.07587211348951,41.8755616,-87.6244212,40.7127281,-74.0060152
train,Washington - New York,Washington,New York,4.917352819939061,393.3882255951249,10.936192671544472,19.669411279756247,38.8950368,-77.0365427,40.7127281,-74.0060152
train,Boston - New York,Boston,New York,4.692982169822069,375.4385735857656,10.437192345684283,18.77192867928828,42.3554334,-71.060511,40.7127281,-74.0060152
train,San Antonio - San Diego,San Antonio,San Diego,26.377024172308285,2110.161933784663,58.66250175921362,105.50809668923314,29.4246002,-98.4951405,32.7174202,-117.162772
train,Austin - San Antonio,Austin,San Antonio,1.5750857480319929,126.00685984255944,3.5029907036231522,6.300342992127972,30.2711286,-97.7436995,29.4246002,-98.4951405
train,Houston - San Antonio,Houston,San Antonio,4.376634106618563,350.13072852948505,9.733634253119684,17.506536426474252,29.7589382,-95.3676974,29.4246002,-98.4951405
train,San Diego - Los Angeles,San Diego,Los Angeles,2.390792362389529,191.26338899116232,5.317122213954312,9.563169449558115,32.7174202,-117.162772,34.0536909,-118.242766
train,Austin - Los Angeles,Austin,Los Angeles,29.00600040456517,2320.4800323652144,64.50934489975296,116.02400161826073,30.2711286,-97.7436995,34.0536909,-118.242766
train,San Jose - Los Angeles,San Jose,Los Angeles,6.828462395290375,546.27699162323,15.186500367125792,27.3138495811615,37.3361663,-121.890591,34.0536909,-118.242766
train,Detroit - Chicago,Detroit,Chicago,6.401505608131345,512.1204486505076,14.23694847248411,25.60602243252538,42.3315509,-83.0466403,41.8755616,-87.6244212
train,Jacksonville - Washington,Jacksonville,Washington,13.538273359247489,1083.0618687397991,30.109119950966413,54.15309343698996,30.3321838,-81.655651,38.8950368,-77.0365427
train,Louisville - Chicago,Louisville,Chicago,5.668081087278531,453.44648698228247,12.605812338107452,22.672324349114124,38.2542376,-85.759407,41.8755616,-87.6244212
road,New York-Philadelphia,New York,Philadelphia,2.0310277777777777,152.706,18.32472,7.6353,-74.0060152,40.7127281,-75.1635262,39.9527237
road,New York-Columbus,New York,Columbus,10.530416666666667,862.5244,103.502928,43.12622,-74.0060152,40.7127281,-83.0007065,39.9622601
road,New York-Washington,New York,Washington,4.755194444444444,364.3931,43.727171999999996,18.219655,-74.0060152,40.7127281,-77.0365427,38.8950368
road,New York-Boston,New York,Boston,4.67375,343.387,41.20644,17.16935,-74.0060152,40.7127281,-71.060511,42.3554334
road,New York-Detroit,New York,Detroit,11.695944444444445,992.0021,119.040252,49.600105000000006,-74.0060152,40.7127281,-83.0466403,42.3315509
road,New York-Baltimore,New York,Baltimore,3.91125,302.17440000000005,36.26092800000001,15.108720000000003,-74.0060152,40.7127281,-76.61219,39.290386
road,Los Angeles-Phoenix,Los Angeles,Phoenix,6.6963888888888885,599.8838000000001,71.986056,29.994190000000003,-118.243683,34.052235,-112.074141,33.4484367
road,Los Angeles-San Diego,Los Angeles,San Diego,2.454888888888889,195.54870000000005,23.465844000000004,9.777435000000004,-118.243683,34.052235,-117.162772,32.7174202
road,Los Angeles-San Jose,Los Angeles,San Jose,6.430222222222222,547.2179,65.66614799999999,27.360895,-118.243683,34.052235,-121.890591,37.3361663
road,Los Angeles-San Francisco,Los Angeles,San Francisco,7.1243333333333325,613.5952,73.631424,30.67976,-118.243683,34.052235,-122.4193286,37.7792588
road,Los Angeles-Las Vegas,Los Angeles,Las Vegas,4.953277777777777,434.5975,52.1517,21.729875000000003,-118.243683,34.052235,-115.1463536,36.171697
road,Chicago-Columbus,Chicago,Columbus,6.770388888888889,569.0421,68.285052,28.452105000000003,-87.6244212,41.8755616,-83.0007065,39.9622601
road,Chicago-Indianapolis,Chicago,Indianapolis,3.5959166666666667,290.8266,34.899192,14.54133,-87.6244212,41.8755616,-86.1583502,39.7683331
road,Chicago-Nashville,Chicago,Nashville,8.849416666666666,753.7627,90.45152399999999,37.688135,-87.6244212,41.8755616,-86.7742984,36.1622767
road,Chicago-Detroit,Chicago,Detroit,5.281166666666667,453.0246,54.362952,22.65123,-87.6244212,41.8755616,-83.0466403,42.3315509
road,Chicago-Memphis,Chicago,Memphis,9.740916666666667,855.9293,102.711516,42.796465000000005,-87.6244212,41.8755616,-90.0517638,35.1460249
road,Chicago-Louisville,Chicago,Louisville,5.679083333333334,474.5832,56.94998399999999,23.72916,-87.6244212,41.8755616,-85.759407,38.2542376
road,Houston-San Antonio,Houston,San Antonio,3.4954444444444444,315.3023,37.836276,15.765115000000002,-95.3676974,29.7589382,-98.4951405,29.4246002
road,Houston-Dallas,Houston,Dallas,4.242083333333333,384.7025,46.1643,19.235125,-95.3676974,29.7589382,-96.7968559,32.7762719
road,Houston-Austin,Houston,Austin,3.0219722222222223,262.3538,31.482455999999996,13.11769,-95.3676974,29.7589382,-97.7436995,30.2711286
road,Houston-Fort Worth,Houston,Fort Worth,4.756361111111112,422.2328,50.667936,21.11164,-95.3676974,29.7589382,-97.3327459,32.753177
road,Houston-Oklahoma City,Houston,Oklahoma City,7.8662222222222224,715.0739,85.80886799999999,35.753695,-95.3676974,29.7589382,-97.5170536,35.4729886
road,Houston-Memphis,Houston,Memphis,10.425,912.5255,109.50305999999999,45.626275,-95.3676974,29.7589382,-90.0517638,35.1460249
road,Phoenix-Los Angeles,Phoenix,Los Angeles,6.697416666666667,600.1144,72.013728,30.005720000000004,-112.074141,33.4484367,-118.243683,34.052235
road,Phoenix-San Diego,Phoenix,San Diego,6.564138888888889,571.5723,68.588676,28.578615000000003,-112.074141,33.4484367,-117.162772,32.7174202
road,Phoenix-El Paso,Phoenix,El Paso,7.483777777777777,692.1568000000001,83.05881600000001,34.60784,-112.074141,33.4484367,-106.4870404,31.7601164
road,Phoenix-Las Vegas,Phoenix,Las Vegas,5.977027777777778,460.1066,55.212792,23.00533,-112.074141,33.4484367,-115.1463536,36.171697
road,Philadelphia-New York,Philadelphia,New York,2.021027777777778,151.3953,18.167436,7.569765,-75.1635262,39.9527237,-74.0060152,40.7127281
road,Philadelphia-Columbus,Philadelphia,Columbus,8.985527777777778,755.9211,90.710532,37.796055,-75.1635262,39.9527237,-83.0007065,39.9622601
road,Philadelphia-Charlotte,Philadelphia,Charlotte,10.570416666666668,863.3838000000001,103.60605600000001,43.16919000000001,-75.1635262,39.9527237,-80.8430827,35.2272086
road,Philadelphia-Washington,Philadelphia,Washington,3.0344722222222225,224.9361,26.992332,11.246805000000002,-75.1635262,39.9527237,-77.0365427,38.8950368
road,Philadelphia-Boston,Philadelphia,Boston,6.40375,489.0874,58.690487999999995,24.45437,-75.1635262,39.9527237,-71.060511,42.3554334
road,Philadelphia-Detroit,Philadelphia,Detroit,10.79111111111111,940.3088,112.837056,47.015440000000005,-75.1635262,39.9527237,-83.0466403,42.3315509
road,Philadelphia-Baltimore,Philadelphia,Baltimore,2.1905277777777776,162.7174,19.526087999999998,8.13587,-75.1635262,39.9527237,-76.61219,39.290386
road,San Antonio-Houston,San Antonio,Houston,3.4726666666666666,314.6046,37.752552,15.73023,-98.4951405,29.4246002,-95.3676974,29.7589382
road,San Antonio-Dallas,San Antonio,Dallas,4.890972222222223,439.0777,52.689324,21.953885,-98.4951405,29.4246002,-96.7968559,32.7762719
road,San Antonio-Austin,San Antonio,Austin,1.527027777777778,128.2165,15.385979999999998,6.410825,-98.4951405,29.4246002,-97.7436995,30.2711286
road,San Antonio-Fort Worth,San Antonio,Fort Worth,4.808972222222222,431.0653,51.727835999999996,21.553265,-98.4951405,29.4246002,-97.3327459,32.753177
road,San Antonio-El Paso,San Antonio,El Paso,8.92425,888.8951999999999,106.66742399999998,44.44476,-98.4951405,29.4246002,-106.4870404,31.7601164
road,San Antonio-Oklahoma City,San Antonio,Oklahoma City,8.228805555555557,749.6118,89.953416,37.48059,-98.4951405,29.4246002,-97.5170536,35.4729886
road,San Diego-Los Angeles,San Diego,Los Angeles,2.422416666666667,194.5614,23.347368,9.72807,-117.162772,32.7174202,-118.243683,34.052235
road,San Diego-Phoenix,San Diego,Phoenix,6.597027777777778,572.0509000000001,68.64610800000001,28.602545000000006,-117.162772,32.7174202,-112.074141,33.4484367
road,San Diego-San Jose,San Diego,San Jose,8.766861111111112,740.529,88.86348,37.026450000000004,-117.162772,32.7174202,-121.890591,37.3361663
road,San Diego-San Francisco,San Diego,San Francisco,9.460972222222225,806.9063000000001,96.82875600000001,40.34531500000001,-117.162772,32.7174202,-122.4193286,37.7792588
road,San Diego-Las Vegas,San Diego,Las Vegas,6.106333333333333,533.3805,64.00565999999999,26.669025,-117.162772,32.7174202,-115.1463536,36.171697
road,Dallas-Houston,Dallas,Houston,4.2225,383.8006,46.05607199999999,19.19003,-96.7968559,32.7762719,-95.3676974,29.7589382
road,Dallas-San Antonio,Dallas,San Antonio,4.878722222222223,439.079,52.689479999999996,21.953950000000003,-96.7968559,32.7762719,-98.4951405,29.4246002
road,Dallas-Austin,Dallas,Austin,3.42225,313.1327,37.575924,15.656635000000001,-96.7968559,32.7762719,-97.7436995,30.2711286
road,Dallas-Fort Worth,Dallas,Fort Worth,0.6786666666666666,51.991800000000005,6.239016,2.5995900000000005,-96.7968559,32.7762719,-97.3327459,32.753177
road,Dallas-Oklahoma City,Dallas,Oklahoma City,3.6665,330.9396,39.712751999999995,16.54698,-96.7968559,32.7762719,-97.5170536,35.4729886
road,Dallas-Memphis,Dallas,Memphis,7.942416666666666,728.5640999999999,87.427692,36.428205,-96.7968559,32.7762719,-90.0517638,35.1460249
road,San Jose-Los Angeles,San Jose,Los Angeles,6.4321111111111104,546.3499,65.561988,27.317495000000005,-121.890591,37.3361663,-118.243683,34.052235
road,San Jose-San Diego,San Jose,San Diego,8.828472222222222,741.687,89.00243999999999,37.08435,-121.890591,37.3361663,-117.162772,32.7174202
road,San Jose-San Francisco,San Jose,San Francisco,1.0037777777777777,77.53869999999999,9.304643999999998,3.8769349999999996,-121.890591,37.3361663,-122.4193286,37.7792588
road,San Jose-Las Vegas,San Jose,Las Vegas,9.875694444444443,847.1848,101.662176,42.35924,-121.890591,37.3361663,-115.1463536,36.171697
road,Austin-Houston,Austin,Houston,3.0008611111111114,261.8537,31.422444,13.092685000000001,-97.7436995,30.2711286,-95.3676974,29.7589382
road,Austin-San Antonio,Austin,San Antonio,1.522527777777778,128.0083,15.360995999999998,6.400415,-97.7436995,30.2711286,-98.4951405,29.4246002
road,Austin-Dallas,Austin,Dallas,3.439,313.29240000000004,37.595088000000004,15.664620000000003,-97.7436995,30.2711286,-96.7968559,32.7762719
road,Austin-Fort Worth,Austin,Fort Worth,3.357,305.28,36.633599999999994,15.264,-97.7436995,30.2711286,-97.3327459,32.753177
road,Austin-El Paso,Austin,El Paso,9.716138888888889,928.4926,111.419112,46.42463000000001,-97.7436995,30.2711286,-106.4870404,31.7601164
road,Austin-Oklahoma City,Austin,Oklahoma City,6.776833333333333,623.8265,74.85918,31.191325000000003,-97.7436995,30.2711286,-97.5170536,35.4729886
road,Jacksonville-Charlotte,Jacksonville,Charlotte,7.085333333333334,613.9162,73.669944,30.69581,-81.655651,30.3321838,-80.8430827,35.2272086
road,Jacksonville-Nashville,Jacksonville,Nashville,10.96202777777778,954.2198,114.50637599999999,47.71099,-81.655651,30.3321838,-86.7742984,36.1622767
road,Fort Worth-Houston,Fort Worth,Houston,4.711777777777778,421.1364,50.536367999999996,21.056820000000002,-97.3327459,32.753177,-95.3676974,29.7589382
road,Fort Worth-San Antonio,Fort Worth,San Antonio,4.79913888888889,430.2822,51.633863999999996,21.514110000000002,-97.3327459,32.753177,-98.4951405,29.4246002
road,Fort Worth-Dallas,Fort Worth,Dallas,0.6941666666666667,52.500800000000005,6.300096000000001,2.6250400000000003,-97.3327459,32.753177,-96.7968559,32.7762719
road,Fort Worth-Austin,Fort Worth,Austin,3.3426666666666667,304.33590000000004,36.520308,15.216795000000003,-97.3327459,32.753177,-97.7436995,30.2711286
road,Fort Worth-El Paso,Fort Worth,El Paso,10.086083333333336,972.3021,116.67625199999999,48.615105,-97.3327459,32.753177,-106.4870404,31.7601164
road,Fort Worth-Oklahoma City,Fort Worth,Oklahoma City,3.5122222222222224,321.66020000000003,38.599224,16.08301,-97.3327459,32.753177,-97.5170536,35.4729886
road,Fort Worth-Memphis,Fort Worth,Memphis,8.566722222222223,779.5228000000001,93.542736,38.97614000000001,-97.3327459,32.753177,-90.0517638,35.1460249
road,Columbus-New York,Columbus,New York,10.61186111111111,863.9545,103.67454000000001,43.197725000000005,-83.0007065,39.9622601,-74.0060152,40.7127281
road,Columbus-Chicago,Columbus,Chicago,6.749416666666667,567.3666,68.083992,28.36833,-83.0007065,39.9622601,-87.6244212,41.8755616
road,Columbus-Philadelphia,Columbus,Philadelphia,9.026361111111113,756.3311,90.759732,37.816555,-83.0007065,39.9622601,-75.1635262,39.9527237
road,Columbus-Charlotte,Columbus,Charlotte,8.518722222222223,685.8670999999999,82.30405199999998,34.293355,-83.0007065,39.9622601,-80.8430827,35.2272086
road,Columbus-Indianapolis,Columbus,Indianapolis,3.3204166666666666,281.6216,33.794592,14.08108,-83.0007065,39.9622601,-86.1583502,39.7683331
road,Columbus-Washington,Columbus,Washington,7.894555555555556,637.8039,76.536468,31.890195000000002,-83.0007065,39.9622601,-77.0365427,38.8950368
road,Columbus-Nashville,Columbus,Nashville,7.113388888888889,609.2854,73.11424799999999,30.46427,-83.0007065,39.9622601,-86.7742984,36.1622767
road,Columbus-Detroit,Columbus,Detroit,4.056388888888889,300.10220000000004,36.012264,15.005110000000002,-83.0007065,39.9622601,-83.0466403,42.3315509
road,Columbus-Memphis,Columbus,Memphis,10.936277777777777,947.2941,113.67529199999998,47.364705,-83.0007065,39.9622601,-90.0517638,35.1460249
road,Columbus-Baltimore,Columbus,Baltimore,7.869694444444445,647.6265999999999,77.71519199999999,32.38133,-83.0007065,39.9622601,-76.61219,39.290386
road,Columbus-Louisville,Columbus,Louisville,3.947861111111111,331.0532,39.726383999999996,16.55266,-83.0007065,39.9622601,-85.759407,38.2542376
road,Charlotte-New York,Charlotte,New York,12.253222222222222,999.4435,119.93321999999999,49.972175,-80.8430827,35.2272086,-74.0060152,40.7127281
road,Charlotte-Philadelphia,Charlotte,Philadelphia,10.564416666666666,856.8968000000001,102.827616,42.844840000000005,-80.8430827,35.2272086,-75.1635262,39.9527237
road,Charlotte-Jacksonville,Charlotte,Jacksonville,7.075138888888889,614.6433000000001,73.75719600000001,30.732165000000006,-80.8430827,35.2272086,-81.655651,30.3321838
road,Charlotte-Columbus,Charlotte,Columbus,8.495166666666666,685.65,82.27799999999999,34.2825,-80.8430827,35.2272086,-83.0007065,39.9622601
road,Charlotte-Indianapolis,Charlotte,Indianapolis,11.144555555555556,915.5208,109.862496,45.77604,-80.8430827,35.2272086,-86.1583502,39.7683331
road,Charlotte-Washington,Charlotte,Washington,7.57586111111111,637.4854,76.498248,31.874270000000003,-80.8430827,35.2272086,-77.0365427,38.8950368
road,Charlotte-Nashville,Charlotte,Nashville,8.140916666666666,654.4438,78.533256,32.722190000000005,-80.8430827,35.2272086,-86.7742984,36.1622767
road,Charlotte-Baltimore,Charlotte,Baltimore,8.525,699.0714,83.888568,34.953570000000006,-80.8430827,35.2272086,-76.61219,39.290386
road,Charlotte-Louisville,Charlotte,Louisville,9.275666666666668,729.4618,87.535416,36.473090000000006,-80.8430827,35.2272086,-85.759407,38.2542376
road,San Francisco-Los Angeles,San Francisco,Los Angeles,7.12425,613.0906,73.570872,30.65453,-122.4193286,37.7792588,-118.243683,34.052235
road,San Francisco-San Diego,San Francisco,San Diego,9.52061111111111,808.4276,97.01131199999999,40.42138,-122.4193286,37.7792588,-117.162772,32.7174202
road,San Francisco-San Jose,San Francisco,San Jose,1.020333333333333,77.4645,9.29574,3.873225,-122.4193286,37.7792588,-121.890591,37.3361663
road,San Francisco-Las Vegas,San Francisco,Las Vegas,10.567833333333333,913.9254,109.671048,45.69627,-122.4193286,37.7792588,-115.1463536,36.171697
road,Indianapolis-Chicago,Indianapolis,Chicago,3.5716944444444447,292.0425,35.0451,14.602125000000001,-86.1583502,39.7683331,-87.6244212,41.8755616
road,Indianapolis-Columbus,Indianapolis,Columbus,3.306111111111111,281.3869,33.766428000000005,14.069345000000002,-86.1583502,39.7683331,-83.0007065,39.9622601
road,Indianapolis-Charlotte,Indianapolis,Charlotte,11.136805555555556,915.867,109.90404,45.793350000000004,-86.1583502,39.7683331,-80.8430827,35.2272086
road,Indianapolis-Washington,Indianapolis,Washington,11.085833333333332,919.0592,110.287104,45.952960000000004,-86.1583502,39.7683331,-77.0365427,38.8950368
road,Indianapolis-Nashville,Indianapolis,Nashville,5.337638888888889,462.7068,55.524815999999994,23.13534,-86.1583502,39.7683331,-86.7742984,36.1622767
road,Indianapolis-Detroit,Indianapolis,Detroit,5.492555555555556,446.6709,53.600508,22.333545,-86.1583502,39.7683331,-83.0466403,42.3315509
road,Indianapolis-Memphis,Indianapolis,Memphis,8.494333333333334,747.608,89.71296,37.3804,-86.1583502,39.7683331,-90.0517638,35.1460249
road,Indianapolis-Baltimore,Indianapolis,Baltimore,11.060972222222222,928.8819,111.46582799999999,46.444095000000004,-86.1583502,39.7683331,-76.61219,39.290386
road,Indianapolis-Louisville,Indianapolis,Louisville,2.167305555555556,183.5273,22.023276,9.176365,-86.1583502,39.7683331,-85.759407,38.2542376
road,Seattle-Portland,Seattle,Portland,3.419694444444444,279.0287,33.483444,13.951435000000002,-122.330062,47.6038321,-122.674194,45.5202471
road,Washington-New York,Washington,New York,4.691027777777778,362.3272,43.479264,18.11636,-77.0365427,38.8950368,-74.0060152,40.7127281
road,Washington-Philadelphia,Washington,Philadelphia,3.002222222222222,219.7805,26.373659999999997,10.989025,-77.0365427,38.8950368,-75.1635262,39.9527237
road,Washington-Columbus,Washington,Columbus,7.892333333333334,638.3026,76.596312,31.91513,-77.0365427,38.8950368,-83.0007065,39.9622601
road,Washington-Charlotte,Washington,Charlotte,7.5496388888888895,637.4046,76.488552,31.87023,-77.0365427,38.8950368,-80.8430827,35.2272086
road,Washington-Indianapolis,Washington,Indianapolis,11.126694444444444,919.5591,110.34709199999999,45.977955,-77.0365427,38.8950368,-86.1583502,39.7683331
road,Washington-Boston,Washington,Boston,9.074027777777776,700.0426,84.005112,35.00213,-77.0365427,38.8950368,-71.060511,42.3554334
road,Washington-Detroit,Washington,Detroit,9.890444444444444,838.308,100.59696,41.915400000000005,-77.0365427,38.8950368,-83.0466403,42.3315509
road,Washington-Baltimore,Washington,Baltimore,0.9628055555555556,61.9551,7.4346119999999996,3.0977550000000003,-77.0365427,38.8950368,-76.61219,39.290386
road,Washington-Louisville,Washington,Louisville,10.971694444444443,939.4621,112.735452,46.973105000000004,-77.0365427,38.8950368,-85.759407,38.2542376
road,Boston-New York,Boston,New York,4.675638888888889,344.7674,41.372088,17.23837,-71.060511,42.3554334,-74.0060152,40.7127281
road,Boston-Philadelphia,Boston,Philadelphia,6.339333333333333,493.928,59.271359999999994,24.6964,-71.060511,42.3554334,-75.1635262,39.9527237
road,Boston-Washington,Boston,Washington,9.0635,705.615,84.6738,35.280750000000005,-71.060511,42.3554334,-77.0365427,38.8950368
road,Boston-Baltimore,Boston,Baltimore,8.219555555555557,643.3964,77.207568,32.16982,-71.060511,42.3554334,-76.61219,39.290386
road,El Paso-Phoenix,El Paso,Phoenix,7.49175,692.2219,83.066628,34.611095,-106.4870404,31.7601164,-112.074141,33.4484367
road,El Paso-San Antonio,El Paso,San Antonio,8.915222222222223,887.7181999999999,106.52618399999999,44.385909999999996,-106.4870404,31.7601164,-98.4951405,29.4246002
road,El Paso-Austin,El Paso,Austin,9.71375,928.1842,111.382104,46.40921,-106.4870404,31.7601164,-97.7436995,30.2711286
road,El Paso-Fort Worth,El Paso,Fort Worth,10.07125,971.9361,116.63233199999999,48.596805,-106.4870404,31.7601164,-97.3327459,32.753177
road,Nashville-Chicago,Nashville,Chicago,8.839472222222222,754.6103,90.553236,37.730515000000004,-86.7742984,36.1622767,-87.6244212,41.8755616
road,Nashville-Jacksonville,Nashville,Jacksonville,10.894777777777778,951.5588,114.187056,47.577940000000005,-86.7742984,36.1622767,-81.655651,30.3321838
road,Nashville-Columbus,Nashville,Columbus,7.248722222222223,611.6729,73.40074800000001,30.583645000000004,-86.7742984,36.1622767,-83.0007065,39.9622601
road,Nashville-Charlotte,Nashville,Charlotte,8.162138888888888,656.6455,78.79745999999999,32.832275,-86.7742984,36.1622767,-80.8430827,35.2272086
road,Nashville-Indianapolis,Nashville,Indianapolis,5.345583333333333,462.3587,55.483044,23.117935000000003,-86.7742984,36.1622767,-86.1583502,39.7683331
road,Nashville-Detroit,Nashville,Detroit,9.981666666666667,853.7850999999999,102.45421199999998,42.689255,-86.7742984,36.1622767,-83.0466403,42.3315509
road,Nashville-Memphis,Nashville,Memphis,3.923694444444444,342.9622,41.155463999999995,17.14811,-86.7742984,36.1622767,-90.0517638,35.1460249
road,Nashville-Louisville,Nashville,Louisville,3.2432222222222222,280.4979,33.659748,14.024895,-86.7742984,36.1622767,-85.759407,38.2542376
road,Detroit-New York,Detroit,New York,11.690888888888889,997.6556,119.718672,49.882780000000004,-83.0466403,42.3315509,-74.0060152,40.7127281
road,Detroit-Chicago,Detroit,Chicago,5.278444444444445,454.0106,54.481272,22.70053,-83.0466403,42.3315509,-87.6244212,41.8755616
road,Detroit-Philadelphia,Detroit,Philadelphia,10.78438888888889,940.1144,112.813728,47.005720000000004,-83.0466403,42.3315509,-75.1635262,39.9527237
road,Detroit-Columbus,Detroit,Columbus,4.011388888888889,327.9715,39.35658,16.398575,-83.0466403,42.3315509,-83.0007065,39.9622601
road,Detroit-Indianapolis,Detroit,Indianapolis,5.486472222222222,446.4822,53.577864,22.32411,-83.0466403,42.3315509,-86.1583502,39.7683331
road,Detroit-Washington,Detroit,Washington,9.922138888888888,838.9376,100.672512,41.94688,-83.0466403,42.3315509,-77.0365427,38.8950368
road,Detroit-Nashville,Detroit,Nashville,9.953694444444444,853.9981,102.479772,42.699905,-83.0466403,42.3315509,-86.7742984,36.1622767
road,Detroit-Baltimore,Detroit,Baltimore,9.897277777777775,848.7603,101.851236,42.43801500000001,-83.0466403,42.3315509,-76.61219,39.290386
road,Detroit-Louisville,Detroit,Louisville,6.788166666666667,575.7659,69.09190799999999,28.788295,-83.0466403,42.3315509,-85.759407,38.2542376
road,Oklahoma City-Houston,Oklahoma City,Houston,7.837472222222223,713.8129,85.65754799999999,35.690645,-97.5170536,35.4729886,-95.3676974,29.7589382
road,Oklahoma City-San Antonio,Oklahoma City,San Antonio,8.21225,748.5023,89.82027599999999,37.425115,-97.5170536,35.4729886,-98.4951405,29.4246002
road,Oklahoma City-Dallas,Oklahoma City,Dallas,3.658888888888889,329.932,39.59184,16.4966,-97.5170536,35.4729886,-96.7968559,32.7762719
road,Oklahoma City-Austin,Oklahoma City,Austin,6.755777777777777,622.5559000000001,74.706708,31.127795000000006,-97.5170536,35.4729886,-97.7436995,30.2711286
road,Oklahoma City-Fort Worth,Oklahoma City,Fort Worth,3.4876388888888887,320.8793,38.505516,16.043965,-97.5170536,35.4729886,-97.3327459,32.753177
road,Oklahoma City-Memphis,Oklahoma City,Memphis,8.098972222222223,751.0627,90.127524,37.553135,-97.5170536,35.4729886,-90.0517638,35.1460249
road,Portland-Seattle,Portland,Seattle,3.4431944444444444,279.42220000000003,33.530664,13.971110000000003,-122.674194,45.5202471,-122.330062,47.6038321
road,Las Vegas-Los Angeles,Las Vegas,Los Angeles,4.971694444444444,434.2116,52.105391999999995,21.71058,-115.1463536,36.171697,-118.243683,34.052235
road,Las Vegas-Phoenix,Las Vegas,Phoenix,6.009083333333334,460.7115,55.285379999999996,23.035575,-115.1463536,36.171697,-112.074141,33.4484367
road,Las Vegas-San Diego,Las Vegas,San Diego,6.1251388888888885,532.7468,63.929615999999996,26.637340000000002,-115.1463536,36.171697,-117.162772,32.7174202
road,Las Vegas-San Jose,Las Vegas,San Jose,9.895666666666669,845.5421,101.465052,42.277105000000006,-115.1463536,36.171697,-121.890591,37.3361663
road,Las Vegas-San Francisco,Las Vegas,San Francisco,10.589777777777776,911.9194,109.43032799999999,45.59597,-115.1463536,36.171697,-122.4193286,37.7792588
road,Memphis-Chicago,Memphis,Chicago,9.764972222222225,855.8235,102.69882,42.791175,-90.0517638,35.1460249,-87.6244212,41.8755616
road,Memphis-Houston,Memphis,Houston,10.389583333333333,913.6258,109.635096,45.681290000000004,-90.0517638,35.1460249,-95.3676974,29.7589382
road,Memphis-Dallas,Memphis,Dallas,7.956527777777778,729.5455999999999,87.54547199999999,36.47728,-90.0517638,35.1460249,-96.7968559,32.7762719
road,Memphis-Fort Worth,Memphis,Fort Worth,8.593722222222222,780.9119000000001,93.709428,39.045595000000006,-90.0517638,35.1460249,-97.3327459,32.753177
road,Memphis-Columbus,Memphis,Columbus,11.0705,949.9124,113.98948800000001,47.49562,-90.0517638,35.1460249,-83.0007065,39.9622601
road,Memphis-Indianapolis,Memphis,Indianapolis,8.508222222222221,747.2203000000001,89.666436,37.361015,-90.0517638,35.1460249,-86.1583502,39.7683331
road,Memphis-Nashville,Memphis,Nashville,3.927805555555556,342.8609,41.143308,17.143045,-90.0517638,35.1460249,-86.7742984,36.1622767
road,Memphis-Oklahoma City,Memphis,Oklahoma City,8.12725,752.5409000000001,90.30490800000001,37.627045,-90.0517638,35.1460249,-97.5170536,35.4729886
road,Memphis-Louisville,Memphis,Louisville,7.065,618.7374,74.248488,30.93687,-90.0517638,35.1460249,-85.759407,38.2542376
road,Baltimore-New York,Baltimore,New York,3.878888888888889,301.919,36.23027999999999,15.09595,-76.61219,39.290386,-74.0060152,40.7127281
road,Baltimore-Philadelphia,Baltimore,Philadelphia,2.1900833333333334,159.3723,19.124675999999997,7.968615,-76.61219,39.290386,-75.1635262,39.9527237
road,Baltimore-Columbus,Baltimore,Columbus,7.837611111111111,647.4309000000001,77.691708,32.371545000000005,-76.61219,39.290386,-83.0007065,39.9622601
road,Baltimore-Charlotte,Baltimore,Charlotte,8.502694444444444,700.3321,84.039852,35.016605,-76.61219,39.290386,-80.8430827,35.2272086
road,Baltimore-Indianapolis,Baltimore,Indianapolis,11.071972222222222,928.6874,111.442488,46.43437,-76.61219,39.290386,-86.1583502,39.7683331
road,Baltimore-Washington,Baltimore,Washington,0.96675,61.8844,7.426127999999999,3.09422,-76.61219,39.290386,-77.0365427,38.8950368
road,Baltimore-Boston,Baltimore,Boston,8.261888888888889,639.6344,76.756128,31.981720000000003,-76.61219,39.290386,-71.060511,42.3554334
road,Baltimore-Detroit,Baltimore,Detroit,9.835722222222222,847.4363000000001,101.692356,42.371815000000005,-76.61219,39.290386,-83.0466403,42.3315509
road,Baltimore-Louisville,Baltimore,Louisville,11.203555555555557,981.6632,117.799584,49.08316,-76.61219,39.290386,-85.759407,38.2542376
road,Louisville-Chicago,Louisville,Chicago,5.67575,475.0739,57.00886799999999,23.753695,-85.759407,38.2542376,-87.6244212,41.8755616
road,Louisville-Columbus,Louisville,Columbus,4.116333333333333,336.0726,40.328712,16.803630000000002,-85.759407,38.2542376,-83.0007065,39.9622601
road,Louisville-Charlotte,Louisville,Charlotte,9.289888888888887,730.0698000000001,87.608376,36.503490000000006,-85.759407,38.2542376,-80.8430827,35.2272086
road,Louisville-Indianapolis,Louisville,Indianapolis,2.181861111111111,182.8223,21.938676,9.141115000000001,-85.759407,38.2542376,-86.1583502,39.7683331
road,Louisville-Washington,Louisville,Washington,10.98311111111111,939.9052,112.788624,46.99526,-85.759407,38.2542376,-77.0365427,38.8950368
road,Louisville-Nashville,Louisville,Nashville,3.225111111111111,280.8507,33.702084,14.042535,-85.759407,38.2542376,-86.7742984,36.1622767
road,Louisville-Detroit,Louisville,Detroit,6.849277777777778,578.1848,69.382176,28.90924,-85.759407,38.2542376,-83.0466403,42.3315509
road,Louisville-Memphis,Louisville,Memphis,7.048,618.8593000000001,74.26311600000001,30.942965000000004,-85.759407,38.2542376,-90.0517638,35.1460249
road,Louisville-Baltimore,Louisville,Baltimore,11.244777777777776,982.7989,117.935868,49.139945000000004,-85.759407,38.2542376,-76.61219,39.290386
