type,route_name,origin,destination,time,distance,olat,olon,dlat,dlon,CO2,price
airplane,Los Angeles-New York,Los Angeles,New York,5.919499113763441,3935.5992910107534,34.0536909,-118.242766,40.7127281,-74.0060152,452.5939184662367,393.55992910107534
airplane,New York-Los Angeles,New York,Los Angeles,5.919499113763441,3935.5992910107534,40.7127281,-74.0060152,34.0536909,-118.242766,452.5939184662367,393.55992910107534
airplane,Chicago-New York,Chicago,New York,2.42979606213935,1143.83684971148,41.8755616,-87.6244212,40.7127281,-74.0060152,131.5412377168202,114.383684971148
airplane,New York-Chicago,New York,Chicago,2.42979606213935,1143.83684971148,40.7127281,-74.0060152,41.8755616,-87.6244212,131.5412377168202,114.383684971148
airplane,Houston-New York,Houston,New York,3.851600533355089,2281.280426684071,29.7589382,-95.3676974,40.7127281,-74.0060152,262.34724906866813,228.1280426684071
airplane,New York-Houston,New York,Houston,3.851600533355089,2281.280426684071,40.7127281,-74.0060152,29.7589382,-95.3676974,262.34724906866813,228.1280426684071
airplane,Philadelphia-New York,Philadelphia,New York,1.1618625717403224,129.49005739225782,39.9527237,-75.1635262,40.7127281,-74.0060152,14.891356600109653,12.949005739225782
airplane,New York-Philadelphia,New York,Philadelphia,1.1618625717403224,129.49005739225782,40.7127281,-74.0060152,39.9527237,-75.1635262,14.891356600109653,12.949005739225782
airplane,San Antonio-New York,San Antonio,New York,4.181373988392717,2545.0991907141733,29.4246002,-98.4951405,40.7127281,-74.0060152,292.68640693213,254.50991907141736
airplane,New York-San Antonio,New York,San Antonio,4.181373988392717,2545.0991907141733,40.7127281,-74.0060152,29.4246002,-98.4951405,292.68640693213,254.50991907141736
airplane,Dallas-New York,Dallas,New York,3.757169936942471,2205.7359495539768,32.7762719,-96.7968559,40.7127281,-74.0060152,253.65963419870727,220.57359495539768
airplane,New York-Dallas,New York,Dallas,3.757169936942471,2205.7359495539768,40.7127281,-74.0060152,32.7762719,-96.7968559,253.65963419870727,220.57359495539768
airplane,San Jose-New York,San Jose,New York,6.127863538388092,4102.2908307104735,37.3361663,-121.890591,40.7127281,-74.0060152,471.76344553170446,410.2290830710474
airplane,New York-San Jose,New York,San Jose,6.127863538388092,4102.2908307104735,40.7127281,-74.0060152,37.3361663,-121.890591,471.76344553170446,410.2290830710474
airplane,Jacksonville-New York,Jacksonville,New York,2.680788875258056,1344.631100206445,30.3321838,-81.655651,40.7127281,-74.0060152,154.63257652374116,134.4631100206445
airplane,New York-Jacksonville,New York,Jacksonville,2.680788875258056,1344.631100206445,40.7127281,-74.0060152,30.3321838,-81.655651,154.63257652374116,134.4631100206445
airplane,Fort Worth-New York,Fort Worth,New York,3.813043579529,2250.4348636232,32.753177,-97.3327459,40.7127281,-74.0060152,258.800009316668,225.04348636232
airplane,New York-Fort Worth,New York,Fort Worth,3.813043579529,2250.4348636232,40.7127281,-74.0060152,32.753177,-97.3327459,258.800009316668,225.04348636232
airplane,Columbus-New York,Columbus,New York,1.958224754679263,766.5798037434105,39.9622601,-83.0007065,40.7127281,-74.0060152,88.15667743049221,76.65798037434105
airplane,New York-Columbus,New York,Columbus,1.958224754679263,766.5798037434105,40.7127281,-74.0060152,39.9622601,-83.0007065,88.15667743049221,76.65798037434105
airplane,San Francisco-New York,San Francisco,New York,6.161142697501214,4128.914158000971,37.7792588,-122.4193286,40.7127281,-74.0060152,474.82512817011167,412.8914158000971
airplane,New York-San Francisco,New York,San Francisco,6.161142697501214,4128.914158000971,40.7127281,-74.0060152,37.7792588,-122.4193286,474.82512817011167,412.8914158000971
airplane,Denver-New York,Denver,New York,4.273250410371205,2618.600328296963,39.7392364,-104.984862,40.7127281,-74.0060152,301.1390377541508,261.8600328296963
airplane,New York-Denver,New York,Denver,4.273250410371205,2618.600328296963,40.7127281,-74.0060152,39.7392364,-104.984862,301.1390377541508,261.8600328296963
airplane,Washington-New York,Washington,New York,1.4105015048413532,328.40120387308264,38.8950368,-77.0365427,40.7127281,-74.0060152,37.76613844540451,32.84012038730827
airplane,New York-Washington,New York,Washington,1.4105015048413532,328.40120387308264,40.7127281,-74.0060152,38.8950368,-77.0365427,37.76613844540451,32.84012038730827
airplane,El Paso-New York,El Paso,New York,4.822516444904758,3058.013155923806,31.7601164,-106.4870404,40.7127281,-74.0060152,351.6715129312377,305.8013155923806
airplane,New York-El Paso,New York,El Paso,4.822516444904758,3058.013155923806,40.7127281,-74.0060152,31.7601164,-106.4870404,351.6715129312377,305.8013155923806
airplane,Detroit-New York,Detroit,New York,1.966820804463585,773.4566435708686,42.3315509,-83.0466403,40.7127281,-74.0060152,88.94751401064988,77.34566435708686
airplane,New York-Detroit,New York,Detroit,1.966820804463585,773.4566435708686,40.7127281,-74.0060152,42.3315509,-83.0466403,88.94751401064988,77.34566435708686
airplane,Oklahoma City-New York,Oklahoma City,New York,3.663859722475826,2131.087777980661,35.4729886,-97.5170536,40.7127281,-74.0060152,245.07509446777604,213.1087777980661
airplane,New York-Oklahoma City,New York,Oklahoma City,3.663859722475826,2131.087777980661,40.7127281,-74.0060152,35.4729886,-97.5170536,245.07509446777604,213.1087777980661
airplane,Las Vegas-New York,Las Vegas,New York,5.481679163011888,3585.3433304095106,36.171697,-115.1463536,40.7127281,-74.0060152,412.31448299709376,358.5343330409511
airplane,New York-Las Vegas,New York,Las Vegas,5.481679163011888,3585.3433304095106,40.7127281,-74.0060152,36.171697,-115.1463536,412.31448299709376,358.5343330409511
airplane,Memphis-New York,Memphis,New York,2.918008401783651,1534.406721426921,35.1460249,-90.0517638,40.7127281,-74.0060152,176.45677296409593,153.4406721426921
airplane,New York-Memphis,New York,Memphis,2.918008401783651,1534.406721426921,40.7127281,-74.0060152,35.1460249,-90.0517638,176.45677296409593,153.4406721426921
airplane,Chicago-Los Angeles,Chicago,Los Angeles,4.505276587104254,2804.2212696834035,41.8755616,-87.6244212,34.0536909,-118.242766,322.4854460135914,280.4221269683404
airplane,Los Angeles-Chicago,Los Angeles,Chicago,4.505276587104254,2804.2212696834035,34.0536909,-118.242766,41.8755616,-87.6244212,322.4854460135914,280.4221269683404
airplane,Houston-Los Angeles,Houston,Los Angeles,3.758050360166816,2206.440288133452,29.7589382,-95.3676974,34.0536909,-118.242766,253.74063313534705,220.64402881334524
airplane,Los Angeles-Houston,Los Angeles,Houston,3.758050360166816,2206.440288133452,34.0536909,-118.242766,29.7589382,-95.3676974,253.74063313534705,220.64402881334524
airplane,Philadelphia-Los Angeles,Philadelphia,Los Angeles,5.804314330019795,3843.451464015836,39.9527237,-75.1635262,34.0536909,-118.242766,441.99691836182114,384.3451464015836
airplane,Los Angeles-Philadelphia,Los Angeles,Philadelphia,5.804314330019795,3843.451464015836,34.0536909,-118.242766,39.9527237,-75.1635262,441.99691836182114,384.3451464015836
airplane,San Antonio-Los Angeles,San Antonio,Los Angeles,3.4169387868166288,1933.551029453303,29.4246002,-98.4951405,34.0536909,-118.242766,222.35836838712987,193.35510294533032
airplane,Los Angeles-San Antonio,Los Angeles,San Antonio,3.4169387868166288,1933.551029453303,34.0536909,-118.242766,29.4246002,-98.4951405,222.35836838712987,193.35510294533032
airplane,Dallas-Los Angeles,Dallas,Los Angeles,3.489896947606441,1991.917558085153,32.7762719,-96.7968559,34.0536909,-118.242766,229.0705191797926,199.1917558085153
airplane,Los Angeles-Dallas,Los Angeles,Dallas,3.489896947606441,1991.917558085153,34.0536909,-118.242766,32.7762719,-96.7968559,229.0705191797926,199.1917558085153
airplane,San Jose-Los Angeles,San Jose,Los Angeles,1.614472751799635,491.5782014397078,37.3361663,-121.890591,34.0536909,-118.242766,56.5314931655664,49.15782014397078
airplane,Los Angeles-San Jose,Los Angeles,San Jose,1.614472751799635,491.5782014397078,34.0536909,-118.242766,37.3361663,-121.890591,56.5314931655664,49.15782014397078
airplane,Jacksonville-Los Angeles,Jacksonville,Los Angeles,5.311667308286099,3449.3338466288787,30.3321838,-81.655651,34.0536909,-118.242766,396.67339236232107,344.9333846628879
airplane,Los Angeles-Jacksonville,Los Angeles,Jacksonville,5.311667308286099,3449.3338466288787,34.0536909,-118.242766,30.3321838,-81.655651,396.67339236232107,344.9333846628879
airplane,Fort Worth-Los Angeles,Fort Worth,Los Angeles,3.428771342011134,1943.0170736089071,32.753177,-97.3327459,34.0536909,-118.242766,223.4469634650244,194.3017073608908
airplane,Los Angeles-Fort Worth,Los Angeles,Fort Worth,3.428771342011134,1943.0170736089071,34.0536909,-118.242766,32.753177,-97.3327459,223.4469634650244,194.3017073608908
airplane,Columbus-Los Angeles,Columbus,Los Angeles,4.969935132854131,3175.9481062833047,39.9622601,-83.0007065,34.0536909,-118.242766,365.2340322225801,317.5948106283305
airplane,Los Angeles-Columbus,Los Angeles,Columbus,4.969935132854131,3175.9481062833047,34.0536909,-118.242766,39.9622601,-83.0007065,365.2340322225801,317.5948106283305
airplane,San Francisco-Los Angeles,San Francisco,Los Angeles,1.6992491800248437,559.3993440198749,37.7792588,-122.4193286,34.0536909,-118.242766,64.33092456228562,55.93993440198749
airplane,Los Angeles-San Francisco,Los Angeles,San Francisco,1.6992491800248437,559.3993440198749,34.0536909,-118.242766,37.7792588,-122.4193286,64.33092456228562,55.93993440198749
airplane,Denver-Los Angeles,Denver,Los Angeles,2.669727055030775,1335.78164402462,39.7392364,-104.984862,34.0536909,-118.242766,153.6148890628313,133.578164402462
airplane,Los Angeles-Denver,Los Angeles,Denver,2.669727055030775,1335.78164402462,34.0536909,-118.242766,39.7392364,-104.984862,153.6148890628313,133.578164402462
airplane,Washington-Los Angeles,Washington,Los Angeles,5.615003593250295,3692.002874600236,38.8950368,-77.0365427,34.0536909,-118.242766,424.58033057902713,369.2002874600236
airplane,Los Angeles-Washington,Los Angeles,Washington,5.615003593250295,3692.002874600236,34.0536909,-118.242766,38.8950368,-77.0365427,424.58033057902713,369.2002874600236
airplane,El Paso-Los Angeles,El Paso,Los Angeles,2.4074673717618253,1125.9738974094605,31.7601164,-106.4870404,34.0536909,-118.242766,129.48699820208796,112.59738974094606
airplane,Los Angeles-El Paso,Los Angeles,El Paso,2.4074673717618253,1125.9738974094605,34.0536909,-118.242766,31.7601164,-106.4870404,129.48699820208796,112.59738974094606
airplane,Detroit-Los Angeles,Detroit,Los Angeles,4.9814358110244825,3185.1486488195856,42.3315509,-83.0466403,34.0536909,-118.242766,366.29209461425233,318.5148648819586
airplane,Los Angeles-Detroit,Los Angeles,Detroit,4.9814358110244825,3185.1486488195856,34.0536909,-118.242766,42.3315509,-83.0466403,366.29209461425233,318.5148648819586
airplane,Oklahoma City-Los Angeles,Oklahoma City,Los Angeles,3.3704157370899104,1896.3325896719284,35.4729886,-97.5170536,34.0536909,-118.242766,218.07824781227177,189.6332589671929
airplane,Los Angeles-Oklahoma City,Los Angeles,Oklahoma City,3.3704157370899104,1896.3325896719284,34.0536909,-118.242766,35.4729886,-97.5170536,218.07824781227177,189.6332589671929
airplane,Las Vegas-Los Angeles,Las Vegas,Los Angeles,1.458876473248543,367.1011785988344,36.171697,-115.1463536,34.0536909,-118.242766,42.21663553886596,36.71011785988344
airplane,Los Angeles-Las Vegas,Los Angeles,Las Vegas,1.458876473248543,367.1011785988344,34.0536909,-118.242766,36.171697,-115.1463536,42.21663553886596,36.71011785988344
airplane,Memphis-Los Angeles,Memphis,Los Angeles,4.2181686304504655,2574.534904360372,35.1460249,-90.0517638,34.0536909,-118.242766,296.0715140014428,257.4534904360372
airplane,Los Angeles-Memphis,Los Angeles,Memphis,4.2181686304504655,2574.534904360372,34.0536909,-118.242766,35.1460249,-90.0517638,296.0715140014428,257.4534904360372
airplane,Houston-Chicago,Houston,Chicago,2.894802150308907,1515.8417202471255,29.7589382,-95.3676974,41.8755616,-87.6244212,174.32179782841945,151.58417202471256
airplane,Chicago-Houston,Chicago,Houston,2.894802150308907,1515.8417202471255,41.8755616,-87.6244212,29.7589382,-95.3676974,174.32179782841945,151.58417202471256
airplane,Philadelphia-Chicago,Philadelphia,Chicago,2.3345729305163454,1067.6583444130763,39.9527237,-75.1635262,41.8755616,-87.6244212,122.78070960750378,106.76583444130765
airplane,Chicago-Philadelphia,Chicago,Philadelphia,2.3345729305163454,1067.6583444130763,41.8755616,-87.6244212,39.9527237,-75.1635262,122.78070960750378,106.76583444130765
airplane,San Antonio-Chicago,San Antonio,Chicago,3.117970295451694,1694.376236361355,29.4246002,-98.4951405,41.8755616,-87.6244212,194.85326718155585,169.43762363613553
airplane,Chicago-San Antonio,Chicago,San Antonio,3.117970295451694,1694.376236361355,41.8755616,-87.6244212,29.4246002,-98.4951405,194.85326718155585,169.43762363613553
airplane,Dallas-Chicago,Dallas,Chicago,2.6188379192546547,1295.0703354037237,32.7762719,-96.7968559,41.8755616,-87.6244212,148.93308857142824,129.50703354037236
airplane,Chicago-Dallas,Chicago,Dallas,2.6188379192546547,1295.0703354037237,41.8755616,-87.6244212,32.7762719,-96.7968559,148.93308857142824,129.50703354037236
airplane,San Jose-Chicago,San Jose,Chicago,4.698080823597193,2958.4646588777546,37.3361663,-121.890591,41.8755616,-87.6244212,340.2234357709418,295.8464658877755
airplane,Chicago-San Jose,Chicago,San Jose,4.698080823597193,2958.4646588777546,41.8755616,-87.6244212,37.3361663,-121.890591,340.2234357709418,295.8464658877755
airplane,Jacksonville-Chicago,Jacksonville,Chicago,2.7376640947705946,1390.131275816476,30.3321838,-81.655651,41.8755616,-87.6244212,159.86509671889476,139.0131275816476
airplane,Chicago-Jacksonville,Chicago,Jacksonville,2.7376640947705946,1390.131275816476,41.8755616,-87.6244212,30.3321838,-81.655651,159.86509671889476,139.0131275816476
airplane,Fort Worth-Chicago,Fort Worth,Chicago,2.658846837336646,1327.077469869317,32.753177,-97.3327459,41.8755616,-87.6244212,152.61390903497144,132.7077469869317
airplane,Chicago-Fort Worth,Chicago,Fort Worth,2.658846837336646,1327.077469869317,41.8755616,-87.6244212,32.753177,-97.3327459,152.61390903497144,132.7077469869317
airplane,Columbus-Chicago,Columbus,Chicago,1.553557595470032,442.8460763760255,39.9622601,-83.0007065,41.8755616,-87.6244212,50.92729878324293,44.28460763760256
airplane,Chicago-Columbus,Chicago,Columbus,1.553557595470032,442.8460763760255,41.8755616,-87.6244212,39.9622601,-83.0007065,50.92729878324293,44.28460763760256
airplane,San Francisco-Chicago,San Francisco,Chicago,4.731495674845634,2985.196539876507,37.7792588,-122.4193286,41.8755616,-87.6244212,343.2976020857983,298.5196539876507
airplane,Chicago-San Francisco,Chicago,San Francisco,4.731495674845634,2985.196539876507,41.8755616,-87.6244212,37.7792588,-122.4193286,343.2976020857983,298.5196539876507
airplane,Denver-Chicago,Denver,Chicago,2.8471011447255137,1477.680915780411,39.7392364,-104.984862,41.8755616,-87.6244212,169.93330531474726,147.7680915780411
airplane,Chicago-Denver,Chicago,Denver,2.8471011447255137,1477.680915780411,41.8755616,-87.6244212,39.7392364,-104.984862,169.93330531474726,147.7680915780411
airplane,Washington-Chicago,Washington,Chicago,2.1940579940808456,955.2463952646764,38.8950368,-77.0365427,41.8755616,-87.6244212,109.8533354554378,95.52463952646764
airplane,Chicago-Washington,Chicago,Washington,2.1940579940808456,955.2463952646764,41.8755616,-87.6244212,38.8950368,-77.0365427,109.8533354554378,95.52463952646764
airplane,El Paso-Chicago,El Paso,Chicago,3.517311314204647,2013.8490513637173,31.7601164,-106.4870404,41.8755616,-87.6244212,231.5926409068275,201.3849051363717
airplane,Chicago-El Paso,Chicago,El Paso,3.517311314204647,2013.8490513637173,41.8755616,-87.6244212,31.7601164,-106.4870404,231.5926409068275,201.3849051363717
airplane,Detroit-Chicago,Detroit,Chicago,1.476255105344407,381.0040842755257,42.3315509,-83.0466403,41.8755616,-87.6244212,43.81546969168546,38.10040842755257
airplane,Chicago-Detroit,Chicago,Detroit,1.476255105344407,381.0040842755257,41.8755616,-87.6244212,42.3315509,-83.0466403,43.81546969168546,38.10040842755257
airplane,Oklahoma City-Chicago,Oklahoma City,Chicago,2.3927319431754293,1114.1855545403434,35.4729886,-97.5170536,41.8755616,-87.6244212,128.13133877213951,111.41855545403436
airplane,Chicago-Oklahoma City,Chicago,Oklahoma City,2.3927319431754293,1114.1855545403434,41.8755616,-87.6244212,35.4729886,-97.5170536,128.13133877213951,111.41855545403436
airplane,Las Vegas-Chicago,Las Vegas,Chicago,4.061184517619894,2448.947614095915,36.171697,-115.1463536,41.8755616,-87.6244212,281.62897562103024,244.89476140959152
airplane,Chicago-Las Vegas,Chicago,Las Vegas,4.061184517619894,2448.947614095915,41.8755616,-87.6244212,36.171697,-115.1463536,281.62897562103024,244.89476140959152
airplane,Memphis-Chicago,Memphis,Chicago,1.9717837689001927,777.4270151201546,35.1460249,-90.0517638,41.8755616,-87.6244212,89.40410673881777,77.74270151201546
airplane,Chicago-Memphis,Chicago,Memphis,1.9717837689001927,777.4270151201546,41.8755616,-87.6244212,35.1460249,-90.0517638,89.40410673881777,77.74270151201546
airplane,Philadelphia-Houston,Philadelphia,Houston,3.695427333126161,2156.341866500929,39.9527237,-75.1635262,29.7589382,-95.3676974,247.97931464760688,215.6341866500929
airplane,Houston-Philadelphia,Houston,Philadelphia,3.695427333126161,2156.341866500929,29.7589382,-95.3676974,39.9527237,-75.1635262,247.97931464760688,215.6341866500929
airplane,San Antonio-Houston,San Antonio,Houston,1.3808291760696965,304.6633408557572,29.4246002,-98.4951405,29.7589382,-95.3676974,35.03628419841208,30.466334085575724
airplane,Houston-San Antonio,Houston,San Antonio,1.3808291760696965,304.6633408557572,29.7589382,-95.3676974,29.4246002,-98.4951405,35.03628419841208,30.466334085575724
airplane,Dallas-Houston,Dallas,Houston,1.4524410101680054,361.9528081344044,32.7762719,-96.7968559,29.7589382,-95.3676974,41.624572935456506,36.19528081344044
airplane,Houston-Dallas,Houston,Dallas,1.4524410101680054,361.9528081344044,29.7589382,-95.3676974,32.7762719,-96.7968559,41.624572935456506,36.19528081344044
airplane,San Jose-Houston,San Jose,Houston,4.234956119176356,2587.964895341085,37.3361663,-121.890591,29.7589382,-95.3676974,297.6159629642248,258.7964895341085
airplane,Houston-San Jose,Houston,San Jose,4.234956119176356,2587.964895341085,29.7589382,-95.3676974,37.3361663,-121.890591,297.6159629642248,258.7964895341085
airplane,Jacksonville-Houston,Jacksonville,Houston,2.650707908476134,1320.566326780907,30.3321838,-81.655651,29.7589382,-95.3676974,151.86512757980432,132.05663267809072
airplane,Houston-Jacksonville,Houston,Jacksonville,2.650707908476134,1320.566326780907,29.7589382,-95.3676974,30.3321838,-81.655651,151.86512757980432,132.05663267809072
airplane,Fort Worth-Houston,Fort Worth,Houston,1.4771732784047498,381.7386227237998,32.753177,-97.3327459,29.7589382,-95.3676974,43.899941613236976,38.17386227237998
airplane,Houston-Fort Worth,Houston,Fort Worth,1.4771732784047498,381.7386227237998,29.7589382,-95.3676974,32.753177,-97.3327459,43.899941613236976,38.17386227237998
airplane,Columbus-Houston,Columbus,Houston,2.9963007472118592,1597.0405977694872,39.9622601,-83.0007065,29.7589382,-95.3676974,183.65966874349104,159.70405977694872
airplane,Houston-Columbus,Houston,Columbus,2.9963007472118592,1597.0405977694872,29.7589382,-95.3676974,39.9622601,-83.0007065,183.65966874349104,159.70405977694872
airplane,San Francisco-Houston,San Francisco,Houston,4.304240010421397,2643.3920083371177,37.7792588,-122.4193286,29.7589382,-95.3676974,303.99008095876854,264.3392008337118
airplane,Houston-San Francisco,Houston,San Francisco,4.304240010421397,2643.3920083371177,29.7589382,-95.3676974,37.7792588,-122.4193286,303.99008095876854,264.3392008337118
airplane,Denver-Houston,Denver,Houston,2.7669898354411684,1413.5918683529349,39.7392364,-104.984862,29.7589382,-95.3676974,162.5630648605875,141.35918683529349
airplane,Houston-Denver,Houston,Denver,2.7669898354411684,1413.5918683529349,29.7589382,-95.3676974,39.7392364,-104.984862,162.5630648605875,141.35918683529349
airplane,Washington-Houston,Washington,Houston,3.450582338655734,1960.4658709245875,38.8950368,-77.0365427,29.7589382,-95.3676974,225.4535751563276,196.0465870924588
airplane,Houston-Washington,Houston,Washington,3.450582338655734,1960.4658709245875,29.7589382,-95.3676974,38.8950368,-77.0365427,225.4535751563276,196.0465870924588
airplane,El Paso-Houston,El Paso,Houston,2.35624019191917,1084.9921535353362,31.7601164,-106.4870404,29.7589382,-95.3676974,124.77409765656368,108.49921535353364
airplane,Houston-El Paso,Houston,El Paso,2.35624019191917,1084.9921535353362,29.7589382,-95.3676974,31.7601164,-106.4870404,124.77409765656368,108.49921535353364
airplane,Detroit-Houston,Detroit,Houston,3.2245476754835964,1779.638140386877,42.3315509,-83.0466403,29.7589382,-95.3676974,204.6583861444909,177.9638140386877
airplane,Houston-Detroit,Houston,Detroit,3.2245476754835964,1779.638140386877,29.7589382,-95.3676974,42.3315509,-83.0466403,204.6583861444909,177.9638140386877
airplane,Oklahoma City-Houston,Oklahoma City,Houston,1.8330554361204208,666.444348896337,35.4729886,-97.5170536,29.7589382,-95.3676974,76.64110012307876,66.6444348896337
airplane,Houston-Oklahoma City,Houston,Oklahoma City,1.8330554361204208,666.444348896337,29.7589382,-95.3676974,35.4729886,-97.5170536,76.64110012307876,66.6444348896337
airplane,Las Vegas-Houston,Las Vegas,Houston,3.466998145729459,1973.598516583567,36.171697,-115.1463536,29.7589382,-95.3676974,226.9638294071102,197.35985165835672
airplane,Houston-Las Vegas,Houston,Las Vegas,3.466998145729459,1973.598516583567,29.7589382,-95.3676974,36.171697,-115.1463536,226.9638294071102,197.35985165835672
airplane,Memphis-Houston,Memphis,Houston,1.974006851530566,779.2054812244528,35.1460249,-90.0517638,29.7589382,-95.3676974,89.60863034081207,77.92054812244528
airplane,Houston-Memphis,Houston,Memphis,1.974006851530566,779.2054812244528,29.7589382,-95.3676974,35.1460249,-90.0517638,89.60863034081207,77.92054812244528
airplane,San Antonio-Philadelphia,San Antonio,Philadelphia,4.0283186147224335,2422.654891777947,29.4246002,-98.4951405,39.9527237,-75.1635262,278.6053125544639,242.2654891777947
airplane,Philadelphia-San Antonio,Philadelphia,San Antonio,4.0283186147224335,2422.654891777947,39.9527237,-75.1635262,29.4246002,-98.4951405,278.6053125544639,242.2654891777947
airplane,Dallas-Philadelphia,Dallas,Philadelphia,3.6101715816619633,2088.1372653295707,32.7762719,-96.7968559,39.9527237,-75.1635262,240.13578551290064,208.81372653295708
airplane,Philadelphia-Dallas,Philadelphia,Dallas,3.6101715816619633,2088.1372653295707,39.9527237,-75.1635262,32.7762719,-96.7968559,240.13578551290064,208.81372653295708
airplane,San Jose-Philadelphia,San Jose,Philadelphia,6.027591969456177,4022.073575564941,37.3361663,-121.890591,39.9527237,-75.1635262,462.53846118996825,402.2073575564941
airplane,Philadelphia-San Jose,Philadelphia,San Jose,6.027591969456177,4022.073575564941,39.9527237,-75.1635262,37.3361663,-121.890591,462.53846118996825,402.2073575564941
airplane,Jacksonville-Philadelphia,Jacksonville,Philadelphia,2.526165693652656,1220.9325549221246,30.3321838,-81.655651,39.9527237,-75.1635262,140.40724381604434,122.09325549221246
airplane,Philadelphia-Jacksonville,Philadelphia,Jacksonville,2.526165693652656,1220.9325549221246,39.9527237,-75.1635262,30.3321838,-81.655651,140.40724381604434,122.09325549221246
airplane,Fort Worth-Philadelphia,Fort Worth,Philadelphia,3.666760842771086,2133.408674216869,32.753177,-97.3327459,39.9527237,-75.1635262,245.34199753494,213.34086742168688
airplane,Philadelphia-Fort Worth,Philadelphia,Fort Worth,3.666760842771086,2133.408674216869,39.9527237,-75.1635262,32.753177,-97.3327459,245.34199753494,213.34086742168688
airplane,Columbus-Philadelphia,Columbus,Philadelphia,1.8347178324413989,667.7742659531192,39.9622601,-83.0007065,39.9527237,-75.1635262,76.79404058460871,66.77742659531192
airplane,Philadelphia-Columbus,Philadelphia,Columbus,1.8347178324413989,667.7742659531192,39.9527237,-75.1635262,39.9622601,-83.0007065,76.79404058460871,66.77742659531192
airplane,San Francisco-Philadelphia,San Francisco,Philadelphia,6.062956135149566,4050.364908119653,37.7792588,-122.4193286,39.9527237,-75.1635262,465.79196443376014,405.0364908119653
airplane,Philadelphia-San Francisco,Philadelphia,San Francisco,6.062956135149566,4050.364908119653,39.9527237,-75.1635262,37.7792588,-122.4193286,465.79196443376014,405.0364908119653
airplane,Denver-Philadelphia,Denver,Philadelphia,4.167556402458524,2534.045121966819,39.7392364,-104.984862,39.9527237,-75.1635262,291.4151890261842,253.4045121966819
airplane,Philadelphia-Denver,Philadelphia,Denver,4.167556402458524,2534.045121966819,39.9527237,-75.1635262,39.7392364,-104.984862,291.4151890261842,253.4045121966819
airplane,Washington-Philadelphia,Washington,Philadelphia,1.249097923843262,199.2783390746096,38.8950368,-77.0365427,39.9527237,-75.1635262,22.917008993580104,19.92783390746096
airplane,Philadelphia-Washington,Philadelphia,Washington,1.249097923843262,199.2783390746096,39.9527237,-75.1635262,38.8950368,-77.0365427,22.917008993580104,19.92783390746096
airplane,El Paso-Philadelphia,El Paso,Philadelphia,4.68584086336389,2948.672690691112,31.7601164,-106.4870404,39.9527237,-75.1635262,339.09735942947793,294.8672690691112
airplane,Philadelphia-El Paso,Philadelphia,El Paso,4.68584086336389,2948.672690691112,39.9527237,-75.1635262,31.7601164,-106.4870404,339.09735942947793,294.8672690691112
airplane,Detroit-Philadelphia,Detroit,Philadelphia,1.8884886918768888,710.7909535015109,42.3315509,-83.0466403,39.9527237,-75.1635262,81.74095965267375,71.07909535015109
airplane,Philadelphia-Detroit,Philadelphia,Detroit,1.8884886918768888,710.7909535015109,39.9527237,-75.1635262,42.3315509,-83.0466403,81.74095965267375,71.07909535015109
airplane,Oklahoma City-Philadelphia,Oklahoma City,Philadelphia,3.528139494424733,2022.5115955397864,35.4729886,-97.5170536,39.9527237,-75.1635262,232.58883348707545,202.25115955397865
airplane,Philadelphia-Oklahoma City,Philadelphia,Oklahoma City,3.528139494424733,2022.5115955397864,39.9527237,-75.1635262,35.4729886,-97.5170536,232.58883348707545,202.25115955397865
airplane,Las Vegas-Philadelphia,Las Vegas,Philadelphia,5.370272073537516,3496.217658830012,36.171697,-115.1463536,39.9527237,-75.1635262,402.0650307654514,349.6217658830012
airplane,Philadelphia-Las Vegas,Philadelphia,Las Vegas,5.370272073537516,3496.217658830012,39.9527237,-75.1635262,36.171697,-115.1463536,402.0650307654514,349.6217658830012
airplane,Memphis-Philadelphia,Memphis,Philadelphia,2.7686391855137806,1414.9113484110246,35.1460249,-90.0517638,39.9527237,-75.1635262,162.71480506726783,141.49113484110248
airplane,Philadelphia-Memphis,Philadelphia,Memphis,2.7686391855137806,1414.9113484110246,39.9527237,-75.1635262,35.1460249,-90.0517638,162.71480506726783,141.49113484110248
airplane,Dallas-San Antonio,Dallas,San Antonio,1.5077937988310248,406.2350390648199,32.7762719,-96.7968559,29.4246002,-98.4951405,46.71702949245429,40.62350390648199
airplane,San Antonio-Dallas,San Antonio,Dallas,1.5077937988310248,406.2350390648199,29.4246002,-98.4951405,32.7762719,-96.7968559,46.71702949245429,40.62350390648199
airplane,San Jose-San Antonio,San Jose,San Antonio,3.919622043897927,2335.6976351183416,37.3361663,-121.890591,29.4246002,-98.4951405,268.6052280386093,233.56976351183417
airplane,San Antonio-San Jose,San Antonio,San Jose,3.919622043897927,2335.6976351183416,29.4246002,-98.4951405,37.3361663,-121.890591,268.6052280386093,233.56976351183417
airplane,Jacksonville-San Antonio,Jacksonville,San Antonio,3.031537016870591,1625.229613496473,30.3321838,-81.655651,29.4246002,-98.4951405,186.9014055520944,162.5229613496473
airplane,San Antonio-Jacksonville,San Antonio,Jacksonville,3.031537016870591,1625.229613496473,29.4246002,-98.4951405,30.3321838,-81.655651,186.9014055520944,162.5229613496473
airplane,Fort Worth-San Antonio,Fort Worth,San Antonio,1.482884969974682,386.3079759797456,32.753177,-97.3327459,29.4246002,-98.4951405,44.42541723767075,38.63079759797456
airplane,San Antonio-Fort Worth,San Antonio,Fort Worth,1.482884969974682,386.3079759797456,29.4246002,-98.4951405,32.753177,-97.3327459,44.42541723767075,38.63079759797456
airplane,Columbus-San Antonio,Columbus,San Antonio,3.291926810680559,1833.5414485444471,39.9622601,-83.0007065,29.4246002,-98.4951405,210.85726658261143,183.3541448544447
airplane,San Antonio-Columbus,San Antonio,Columbus,3.291926810680559,1833.5414485444471,29.4246002,-98.4951405,39.9622601,-83.0007065,210.85726658261143,183.3541448544447
airplane,San Francisco-San Antonio,San Francisco,San Antonio,3.992209125456031,2393.7673003648247,37.7792588,-122.4193286,29.4246002,-98.4951405,275.28323954195486,239.37673003648248
airplane,San Antonio-San Francisco,San Antonio,San Francisco,3.992209125456031,2393.7673003648247,29.4246002,-98.4951405,37.7792588,-122.4193286,275.28323954195486,239.37673003648248
airplane,Denver-San Antonio,Denver,San Antonio,2.613422900034916,1290.7383200279326,39.7392364,-104.984862,29.4246002,-98.4951405,148.43490680321224,129.07383200279327
airplane,San Antonio-Denver,San Antonio,Denver,2.613422900034916,1290.7383200279326,29.4246002,-98.4951405,39.7392364,-104.984862,148.43490680321224,129.07383200279327
airplane,Washington-San Antonio,Washington,San Antonio,3.7871408089256193,2229.7126471404954,38.8950368,-77.0365427,29.4246002,-98.4951405,256.41695442115696,222.9712647140496
airplane,San Antonio-Washington,San Antonio,Washington,3.7871408089256193,2229.7126471404954,29.4246002,-98.4951405,38.8950368,-77.0365427,256.41695442115696,222.9712647140496
airplane,El Paso-San Antonio,El Paso,San Antonio,2.009489394825226,807.5915158601811,31.7601164,-106.4870404,29.4246002,-98.4951405,92.87302432392084,80.7591515860181
airplane,San Antonio-El Paso,San Antonio,El Paso,2.009489394825226,807.5915158601811,29.4246002,-98.4951405,31.7601164,-106.4870404,92.87302432392084,80.7591515860181
airplane,Detroit-San Antonio,Detroit,San Antonio,3.4912015358913213,1992.961228713057,42.3315509,-83.0466403,29.4246002,-98.4951405,229.19054130200155,199.2961228713057
airplane,San Antonio-Detroit,San Antonio,Detroit,3.4912015358913213,1992.961228713057,29.4246002,-98.4951405,42.3315509,-83.0466403,229.19054130200155,199.2961228713057
airplane,Oklahoma City-San Antonio,Oklahoma City,San Antonio,1.8484631950790245,678.7705560632196,35.4729886,-97.5170536,29.4246002,-98.4951405,78.05861394727026,67.87705560632196
airplane,San Antonio-Oklahoma City,San Antonio,Oklahoma City,1.8484631950790245,678.7705560632196,29.4246002,-98.4951405,35.4729886,-97.5170536,78.05861394727026,67.87705560632196
airplane,Las Vegas-San Antonio,Las Vegas,San Antonio,3.155594641663165,1724.475713330532,36.171697,-115.1463536,29.4246002,-98.4951405,198.3147070330112,172.44757133305322
airplane,San Antonio-Las Vegas,San Antonio,Las Vegas,3.155594641663165,1724.475713330532,29.4246002,-98.4951405,36.171697,-115.1463536,198.3147070330112,172.44757133305322
airplane,Memphis-San Antonio,Memphis,San Antonio,2.27060711830064,1016.485694640512,35.1460249,-90.0517638,29.4246002,-98.4951405,116.89585488365888,101.6485694640512
airplane,San Antonio-Memphis,San Antonio,Memphis,2.27060711830064,1016.485694640512,29.4246002,-98.4951405,35.1460249,-90.0517638,116.89585488365888,101.6485694640512
airplane,San Jose-Dallas,San Jose,Dallas,3.915362365536721,2332.289892429377,37.3361663,-121.890591,32.7762719,-96.7968559,268.2133376293783,233.2289892429377
airplane,Dallas-San Jose,Dallas,San Jose,3.915362365536721,2332.289892429377,32.7762719,-96.7968559,37.3361663,-121.890591,268.2133376293783,233.2289892429377
airplane,Jacksonville-Dallas,Jacksonville,Dallas,2.823562222134919,1458.8497777079351,30.3321838,-81.655651,32.7762719,-96.7968559,167.76772443641255,145.8849777707935
airplane,Dallas-Jacksonville,Dallas,Jacksonville,2.823562222134919,1458.8497777079351,32.7762719,-96.7968559,30.3321838,-81.655651,167.76772443641255,145.8849777707935
airplane,Fort Worth-Dallas,Fort Worth,Dallas,1.0627168316531634,50.17346532253081,32.753177,-97.3327459,32.7762719,-96.7968559,5.769948512091044,5.0173465322530815
airplane,Dallas-Fort Worth,Dallas,Fort Worth,1.0627168316531634,50.17346532253081,32.7762719,-96.7968559,32.753177,-97.3327459,5.769948512091044,5.0173465322530815
airplane,Columbus-Dallas,Columbus,Dallas,2.8356035680455465,1468.4828544364373,39.9622601,-83.0007065,32.7762719,-96.7968559,168.8755282601903,146.84828544364373
airplane,Dallas-Columbus,Dallas,Columbus,2.8356035680455465,1468.4828544364373,32.7762719,-96.7968559,39.9622601,-83.0007065,168.8755282601903,146.84828544364373
airplane,San Francisco-Dallas,San Francisco,Dallas,3.979146869637488,2383.31749570999,37.7792588,-122.4193286,32.7762719,-96.7968559,274.08151200664884,238.33174957099905
airplane,Dallas-San Francisco,Dallas,San Francisco,3.979146869637488,2383.31749570999,32.7762719,-96.7968559,37.7792588,-122.4193286,274.08151200664884,238.33174957099905
airplane,Denver-Dallas,Denver,Dallas,2.3325263588980163,1066.021087118413,39.7392364,-104.984862,32.7762719,-96.7968559,122.59242501861752,106.60210871184132
airplane,Dallas-Denver,Dallas,Denver,2.3325263588980163,1066.021087118413,32.7762719,-96.7968559,39.7392364,-104.984862,122.59242501861752,106.60210871184132
airplane,Washington-Dallas,Washington,Dallas,3.37742253269567,1901.938026156536,38.8950368,-77.0365427,32.7762719,-96.7968559,218.72287300800164,190.1938026156536
airplane,Dallas-Washington,Dallas,Washington,3.37742253269567,1901.938026156536,32.7762719,-96.7968559,38.8950368,-77.0365427,218.72287300800164,190.1938026156536
airplane,El Paso-Dallas,El Paso,Dallas,2.14716813954946,917.7345116395676,31.7601164,-106.4870404,32.7762719,-96.7968559,105.53946883855028,91.77345116395676
airplane,Dallas-El Paso,Dallas,El Paso,2.14716813954946,917.7345116395676,32.7762719,-96.7968559,31.7601164,-106.4870404,105.53946883855028,91.77345116395676
airplane,Detroit-Dallas,Detroit,Dallas,3.0101536150090973,1608.122892007278,42.3315509,-83.0466403,32.7762719,-96.7968559,184.934132580837,160.81228920072783
airplane,Dallas-Detroit,Dallas,Detroit,3.0101536150090973,1608.122892007278,32.7762719,-96.7968559,42.3315509,-83.0466403,184.934132580837,160.81228920072783
airplane,Oklahoma City-Dallas,Oklahoma City,Dallas,1.383873463586065,307.098770868852,35.4729886,-97.5170536,32.7762719,-96.7968559,35.31635864991798,30.7098770868852
airplane,Dallas-Oklahoma City,Dallas,Oklahoma City,1.383873463586065,307.098770868852,32.7762719,-96.7968559,35.4729886,-97.5170536,35.31635864991798,30.7098770868852
airplane,Las Vegas-Dallas,Las Vegas,Dallas,3.1513210068890456,1721.0568055112365,36.171697,-115.1463536,32.7762719,-96.7968559,197.9215326337922,172.10568055112367
airplane,Dallas-Las Vegas,Dallas,Las Vegas,3.1513210068890456,1721.0568055112365,32.7762719,-96.7968559,36.171697,-115.1463536,197.9215326337922,172.10568055112367
airplane,Memphis-Dallas,Memphis,Dallas,1.8442332737538805,675.3866190031043,35.1460249,-90.0517638,32.7762719,-96.7968559,77.66946118535701,67.53866190031043
airplane,Dallas-Memphis,Dallas,Memphis,1.8442332737538805,675.3866190031043,32.7762719,-96.7968559,35.1460249,-90.0517638,77.66946118535701,67.53866190031043
airplane,Jacksonville-San Jose,Jacksonville,San Jose,5.709605266962326,3767.6842135698607,30.3321838,-81.655651,37.3361663,-121.890591,433.283684560534,376.7684213569861
airplane,San Jose-Jacksonville,San Jose,Jacksonville,5.709605266962326,3767.6842135698607,37.3361663,-121.890591,30.3321838,-81.655651,433.283684560534,376.7684213569861
airplane,Fort Worth-San Jose,Fort Worth,San Jose,3.857472075536103,2285.9776604288822,32.753177,-97.3327459,37.3361663,-121.890591,262.88743094932147,228.59776604288825
airplane,San Jose-Fort Worth,San Jose,Fort Worth,3.857472075536103,2285.9776604288822,37.3361663,-121.890591,32.753177,-97.3327459,262.88743094932147,228.59776604288825
airplane,Columbus-San Jose,Columbus,San Jose,5.203914669182098,3363.131735345679,39.9622601,-83.0007065,37.3361663,-121.890591,386.7601495647531,336.3131735345679
airplane,San Jose-Columbus,San Jose,Columbus,5.203914669182098,3363.131735345679,37.3361663,-121.890591,39.9622601,-83.0007065,386.7601495647531,336.3131735345679
airplane,San Francisco-San Jose,San Francisco,San Jose,1.084776548883976,67.82123910718074,37.7792588,-122.4193286,37.3361663,-121.890591,7.799442497325786,6.782123910718075
airplane,San Jose-San Francisco,San Jose,San Francisco,1.084776548883976,67.82123910718074,37.3361663,-121.890591,37.7792588,-122.4193286,7.799442497325786,6.782123910718075
airplane,Denver-San Jose,Denver,San Jose,2.865159479554185,1492.127583643348,39.7392364,-104.984862,37.3361663,-121.890591,171.59467211898505,149.2127583643348
airplane,San Jose-Denver,San Jose,Denver,2.865159479554185,1492.127583643348,37.3361663,-121.890591,39.7392364,-104.984862,171.59467211898505,149.2127583643348
airplane,Washington-San Jose,Washington,San Jose,5.86000386013521,3888.003088108168,38.8950368,-77.0365427,37.3361663,-121.890591,447.1203551324393,388.8003088108168
airplane,San Jose-Washington,San Jose,Washington,5.86000386013521,3888.003088108168,37.3361663,-121.890591,38.8950368,-77.0365427,447.1203551324393,388.8003088108168
airplane,El Paso-San Jose,El Paso,San Jose,2.923114274220444,1538.4914193763548,31.7601164,-106.4870404,37.3361663,-121.890591,176.9265132282808,153.8491419376355
airplane,San Jose-El Paso,San Jose,El Paso,2.923114274220444,1538.4914193763548,37.3361663,-121.890591,31.7601164,-106.4870404,176.9265132282808,153.8491419376355
airplane,Detroit-San Jose,Detroit,San Jose,5.166732849861685,3333.386279889348,42.3315509,-83.0466403,37.3361663,-121.890591,383.33942218727503,333.33862798893483
airplane,San Jose-Detroit,San Jose,Detroit,5.166732849861685,3333.386279889348,37.3361663,-121.890591,42.3315509,-83.0466403,383.33942218727503,333.33862798893483
airplane,Oklahoma City-San Jose,Oklahoma City,San Jose,3.73129839712426,2185.038717699408,35.4729886,-97.5170536,37.3361663,-121.890591,251.279452535432,218.5038717699408
airplane,San Jose-Oklahoma City,San Jose,Oklahoma City,3.73129839712426,2185.038717699408,37.3361663,-121.890591,35.4729886,-97.5170536,251.279452535432,218.5038717699408
airplane,Las Vegas-San Jose,Las Vegas,San Jose,1.7681179873542594,614.4943898834075,36.171697,-115.1463536,37.3361663,-121.890591,70.66685483659187,61.44943898834075
airplane,San Jose-Las Vegas,San Jose,Las Vegas,1.7681179873542594,614.4943898834075,37.3361663,-121.890591,36.171697,-115.1463536,70.66685483659187,61.44943898834075
airplane,Memphis-San Jose,Memphis,San Jose,4.565335307535588,2852.2682460284705,35.1460249,-90.0517638,37.3361663,-121.890591,328.01084829327414,285.22682460284705
airplane,San Jose-Memphis,San Jose,Memphis,4.565335307535588,2852.2682460284705,37.3361663,-121.890591,35.1460249,-90.0517638,328.01084829327414,285.22682460284705
airplane,Fort Worth-Jacksonville,Fort Worth,Jacksonville,2.885451416271398,1508.3611330171184,32.753177,-97.3327459,30.3321838,-81.655651,173.46153029696862,150.83611330171183
airplane,Jacksonville-Fort Worth,Jacksonville,Fort Worth,2.885451416271398,1508.3611330171184,30.3321838,-81.655651,32.753177,-97.3327459,173.46153029696862,150.83611330171183
airplane,Columbus-Jacksonville,Columbus,Jacksonville,2.3471695266430155,1077.735621314412,39.9622601,-83.0007065,30.3321838,-81.655651,123.93959645115736,107.7735621314412
airplane,Jacksonville-Columbus,Jacksonville,Columbus,2.3471695266430155,1077.735621314412,30.3321838,-81.655651,39.9622601,-83.0007065,123.93959645115736,107.7735621314412
airplane,San Francisco-Jacksonville,San Francisco,Jacksonville,5.767833365910537,3814.26669272843,37.7792588,-122.4193286,30.3321838,-81.655651,438.6406696637695,381.426669272843
airplane,Jacksonville-San Francisco,Jacksonville,San Francisco,5.767833365910537,3814.26669272843,30.3321838,-81.655651,37.7792588,-122.4193286,438.6406696637695,381.426669272843
airplane,Denver-Jacksonville,Denver,Jacksonville,3.947388519408197,2357.910815526557,39.7392364,-104.984862,30.3321838,-81.655651,271.1597437855541,235.79108155265573
airplane,Jacksonville-Denver,Jacksonville,Denver,3.947388519408197,2357.910815526557,30.3321838,-81.655651,39.7392364,-104.984862,271.1597437855541,235.79108155265573
airplane,Washington-Jacksonville,Washington,Jacksonville,2.301697318518962,1041.3578548151695,38.8950368,-77.0365427,30.3321838,-81.655651,119.7561533037445,104.13578548151696
airplane,Jacksonville-Washington,Jacksonville,Washington,2.301697318518962,1041.3578548151695,30.3321838,-81.655651,38.8950368,-77.0365427,119.7561533037445,104.13578548151696
airplane,El Paso-Jacksonville,El Paso,Jacksonville,3.9572693639020007,2365.8154911216006,31.7601164,-106.4870404,30.3321838,-81.655651,272.0687814789841,236.58154911216008
airplane,Jacksonville-El Paso,Jacksonville,El Paso,3.9572693639020007,2365.8154911216006,30.3321838,-81.655651,31.7601164,-106.4870404,272.0687814789841,236.58154911216008
airplane,Detroit-Jacksonville,Detroit,Jacksonville,2.675023066700688,1340.0184533605502,42.3315509,-83.0466403,30.3321838,-81.655651,154.1021221364633,134.00184533605503
airplane,Jacksonville-Detroit,Jacksonville,Detroit,2.675023066700688,1340.0184533605502,30.3321838,-81.655651,42.3315509,-83.0466403,154.1021221364633,134.00184533605503
airplane,Oklahoma City-Jacksonville,Oklahoma City,Jacksonville,2.9811842079905952,1584.947366392476,35.4729886,-97.5170536,30.3321838,-81.655651,182.2689471351348,158.4947366392476
airplane,Jacksonville-Oklahoma City,Jacksonville,Oklahoma City,2.9811842079905952,1584.947366392476,30.3321838,-81.655651,35.4729886,-97.5170536,182.2689471351348,158.4947366392476
airplane,Las Vegas-Jacksonville,Las Vegas,Jacksonville,4.956038718470449,3164.8309747763587,36.171697,-115.1463536,30.3321838,-81.655651,363.9555620992813,316.4830974776359
airplane,Jacksonville-Las Vegas,Jacksonville,Las Vegas,4.956038718470449,3164.8309747763587,30.3321838,-81.655651,36.171697,-115.1463536,363.9555620992813,316.4830974776359
airplane,Memphis-Jacksonville,Memphis,Jacksonville,2.187217003074695,949.773602459756,35.1460249,-90.0517638,30.3321838,-81.655651,109.22396428287196,94.9773602459756
airplane,Jacksonville-Memphis,Jacksonville,Memphis,2.187217003074695,949.773602459756,30.3321838,-81.655651,35.1460249,-90.0517638,109.22396428287196,94.9773602459756
airplane,Columbus-Fort Worth,Columbus,Fort Worth,2.887872499729905,1510.297999783924,39.9622601,-83.0007065,32.753177,-97.3327459,173.68426997515127,151.02979997839242
airplane,Fort Worth-Columbus,Fort Worth,Columbus,2.887872499729905,1510.297999783924,32.753177,-97.3327459,39.9622601,-83.0007065,173.68426997515127,151.02979997839242
airplane,San Francisco-Fort Worth,San Francisco,Fort Worth,3.9217374173410326,2337.389933872826,37.7792588,-122.4193286,32.753177,-97.3327459,268.79984239537504,233.73899338728265
airplane,Fort Worth-San Francisco,Fort Worth,San Francisco,3.9217374173410326,2337.389933872826,32.753177,-97.3327459,37.7792588,-122.4193286,268.79984239537504,233.73899338728265
airplane,Denver-Fort Worth,Denver,Fort Worth,2.294559072370622,1035.6472578964974,39.7392364,-104.984862,32.753177,-97.3327459,119.0994346580972,103.56472578964974
airplane,Fort Worth-Denver,Fort Worth,Denver,2.294559072370622,1035.6472578964974,32.753177,-97.3327459,39.7392364,-104.984862,119.0994346580972,103.56472578964974
airplane,Washington-Fort Worth,Washington,Fort Worth,3.434956198159821,1947.9649585278569,38.8950368,-77.0365427,32.753177,-97.3327459,224.0159702307036,194.7964958527857
airplane,Fort Worth-Washington,Fort Worth,Washington,3.434956198159821,1947.9649585278569,32.753177,-97.3327459,38.8950368,-77.0365427,224.0159702307036,194.7964958527857
airplane,El Paso-Fort Worth,El Paso,Fort Worth,2.0844795696039764,867.5836556831812,31.7601164,-106.4870404,32.753177,-97.3327459,99.77212040356584,86.75836556831813
airplane,Fort Worth-El Paso,Fort Worth,El Paso,2.0844795696039764,867.5836556831812,32.753177,-97.3327459,31.7601164,-106.4870404,99.77212040356584,86.75836556831813
airplane,Detroit-Fort Worth,Detroit,Fort Worth,3.056823558094648,1645.4588464757185,42.3315509,-83.0466403,32.753177,-97.3327459,189.22776734470764,164.54588464757185
airplane,Fort Worth-Detroit,Fort Worth,Detroit,3.056823558094648,1645.4588464757185,32.753177,-97.3327459,42.3315509,-83.0466403,189.22776734470764,164.54588464757185
airplane,Oklahoma City-Fort Worth,Oklahoma City,Fort Worth,1.3786308119727404,302.9046495781922,35.4729886,-97.5170536,32.753177,-97.3327459,34.83403470149211,30.290464957819225
airplane,Fort Worth-Oklahoma City,Fort Worth,Oklahoma City,1.3786308119727404,302.9046495781922,32.753177,-97.3327459,35.4729886,-97.5170536,34.83403470149211,30.290464957819225
airplane,Las Vegas-Fort Worth,Las Vegas,Fort Worth,3.0927115981645685,1674.169278531655,36.171697,-115.1463536,32.753177,-97.3327459,192.5294670311404,167.4169278531655
airplane,Fort Worth-Las Vegas,Fort Worth,Las Vegas,3.0927115981645685,1674.169278531655,32.753177,-97.3327459,36.171697,-115.1463536,192.5294670311404,167.4169278531655
airplane,Memphis-Fort Worth,Memphis,Fort Worth,1.9026769279325049,722.1415423460039,35.1460249,-90.0517638,32.753177,-97.3327459,83.04627736979046,72.2141542346004
airplane,Fort Worth-Memphis,Fort Worth,Memphis,1.9026769279325049,722.1415423460039,32.753177,-97.3327459,35.1460249,-90.0517638,83.04627736979046,72.2141542346004
airplane,San Francisco-Columbus,San Francisco,Columbus,5.241777434755719,3393.421947804576,37.7792588,-122.4193286,39.9622601,-83.0007065,390.2435239975263,339.34219478045765
airplane,Columbus-San Francisco,Columbus,San Francisco,5.241777434755719,3393.421947804576,39.9622601,-83.0007065,37.7792588,-122.4193286,390.2435239975263,339.34219478045765
airplane,Denver-Columbus,Denver,Columbus,3.340123360462191,1872.0986883697528,39.7392364,-104.984862,39.9622601,-83.0007065,215.2913491625216,187.2098688369753
airplane,Columbus-Denver,Columbus,Denver,3.340123360462191,1872.0986883697528,39.9622601,-83.0007065,39.7392364,-104.984862,215.2913491625216,187.2098688369753
airplane,Washington-Columbus,Washington,Columbus,1.6571347446035891,525.7077956828715,38.8950368,-77.0365427,39.9622601,-83.0007065,60.45639650353023,52.57077956828715
airplane,Columbus-Washington,Columbus,Washington,1.6571347446035891,525.7077956828715,39.9622601,-83.0007065,38.8950368,-77.0365427,60.45639650353023,52.57077956828715
airplane,El Paso-Columbus,El Paso,Columbus,3.86956229740548,2295.6498379243835,31.7601164,-106.4870404,39.9622601,-83.0007065,263.9997313613041,229.5649837924384
airplane,Columbus-El Paso,Columbus,El Paso,3.86956229740548,2295.6498379243835,39.9622601,-83.0007065,31.7601164,-106.4870404,263.9997313613041,229.5649837924384
airplane,Detroit-Columbus,Detroit,Columbus,1.3293514713347658,263.48117706781267,42.3315509,-83.0466403,39.9622601,-83.0007065,30.300335362798457,26.348117706781267
airplane,Columbus-Detroit,Columbus,Detroit,1.3293514713347658,263.48117706781267,39.9622601,-83.0007065,42.3315509,-83.0466403,30.300335362798457,26.348117706781267
airplane,Oklahoma City-Columbus,Oklahoma City,Columbus,2.7111361102836584,1368.9088882269266,35.4729886,-97.5170536,39.9622601,-83.0007065,157.42452214609656,136.89088882269266
airplane,Columbus-Oklahoma City,Columbus,Oklahoma City,2.7111361102836584,1368.9088882269266,39.9622601,-83.0007065,35.4729886,-97.5170536,157.42452214609656,136.89088882269266
airplane,Las Vegas-Columbus,Las Vegas,Columbus,4.537407436406376,2829.925949125101,36.171697,-115.1463536,39.9622601,-83.0007065,325.4414841493866,282.9925949125101
airplane,Columbus-Las Vegas,Columbus,Las Vegas,4.537407436406376,2829.925949125101,39.9622601,-83.0007065,36.171697,-115.1463536,325.4414841493866,282.9925949125101
airplane,Memphis-Columbus,Memphis,Columbus,2.0249557267712657,819.9645814170126,35.1460249,-90.0517638,39.9622601,-83.0007065,94.29592686295643,81.99645814170127
airplane,Columbus-Memphis,Columbus,Memphis,2.0249557267712657,819.9645814170126,39.9622601,-83.0007065,35.1460249,-90.0517638,94.29592686295643,81.99645814170127
airplane,Denver-San Francisco,Denver,San Francisco,2.906059521544725,1524.84761723578,39.7392364,-104.984862,37.7792588,-122.4193286,175.35747598211472,152.484761723578
airplane,San Francisco-Denver,San Francisco,Denver,2.906059521544725,1524.84761723578,37.7792588,-122.4193286,39.7392364,-104.984862,175.35747598211472,152.484761723578
airplane,Washington-San Francisco,Washington,San Francisco,5.898417633707736,3918.734106966189,38.8950368,-77.0365427,37.7792588,-122.4193286,450.65442230111177,391.8734106966189
airplane,San Francisco-Washington,San Francisco,Washington,5.898417633707736,3918.734106966189,37.7792588,-122.4193286,38.8950368,-77.0365427,450.65442230111177,391.8734106966189
airplane,El Paso-San Francisco,El Paso,San Francisco,2.998653579106294,1598.9228632850352,31.7601164,-106.4870404,37.7792588,-122.4193286,183.87612927777903,159.89228632850353
airplane,San Francisco-El Paso,San Francisco,El Paso,2.998653579106294,1598.9228632850352,37.7792588,-122.4193286,31.7601164,-106.4870404,183.87612927777903,159.89228632850353
airplane,Detroit-San Francisco,Detroit,San Francisco,5.198292818331609,3358.6342546652872,42.3315509,-83.0466403,37.7792588,-122.4193286,386.242939286508,335.8634254665287
airplane,San Francisco-Detroit,San Francisco,Detroit,5.198292818331609,3358.6342546652872,37.7792588,-122.4193286,42.3315509,-83.0466403,386.242939286508,335.8634254665287
airplane,Oklahoma City-San Francisco,Oklahoma City,San Francisco,3.7879362692306064,2230.349015384485,35.4729886,-97.5170536,37.7792588,-122.4193286,256.4901367692158,223.0349015384485
airplane,San Francisco-Oklahoma City,San Francisco,Oklahoma City,3.7879362692306064,2230.349015384485,37.7792588,-122.4193286,35.4729886,-97.5170536,256.4901367692158,223.0349015384485
airplane,Las Vegas-San Francisco,Las Vegas,San Francisco,1.837680792724348,670.1446341794781,36.171697,-115.1463536,37.7792588,-122.4193286,77.06663293063998,67.01446341794781
airplane,San Francisco-Las Vegas,San Francisco,Las Vegas,1.837680792724348,670.1446341794781,37.7792588,-122.4193286,36.171697,-115.1463536,77.06663293063998,67.01446341794781
airplane,Memphis-San Francisco,Memphis,San Francisco,4.6185911123824575,2894.8728899059656,35.1460249,-90.0517638,37.7792588,-122.4193286,332.91038233918607,289.4872889905966
airplane,San Francisco-Memphis,San Francisco,Memphis,4.6185911123824575,2894.8728899059656,37.7792588,-122.4193286,35.1460249,-90.0517638,332.91038233918607,289.4872889905966
airplane,Washington-Denver,Washington,Denver,3.995451443408706,2396.3611547269647,38.8950368,-77.0365427,39.7392364,-104.984862,275.58153279360096,239.63611547269647
airplane,Denver-Washington,Denver,Washington,3.995451443408706,2396.3611547269647,39.7392364,-104.984862,38.8950368,-77.0365427,275.58153279360096,239.63611547269647
airplane,El Paso-Denver,El Paso,Denver,2.1218645695392384,897.4916556313908,31.7601164,-106.4870404,39.7392364,-104.984862,103.21154039760997,89.74916556313909
airplane,Denver-El Paso,Denver,El Paso,2.1218645695392384,897.4916556313908,39.7392364,-104.984862,31.7601164,-106.4870404,103.21154039760997,89.74916556313909
airplane,Detroit-Denver,Detroit,Denver,3.321466694985527,1857.1733559884217,42.3315509,-83.0466403,39.7392364,-104.984862,213.5749359386685,185.71733559884217
airplane,Denver-Detroit,Denver,Detroit,3.321466694985527,1857.1733559884217,39.7392364,-104.984862,42.3315509,-83.0466403,213.5749359386685,185.71733559884217
airplane,Oklahoma City-Denver,Oklahoma City,Denver,2.0132115894469926,810.569271557594,35.4729886,-97.5170536,39.7392364,-104.984862,93.21546622912332,81.05692715575941
airplane,Denver-Oklahoma City,Denver,Oklahoma City,2.0132115894469926,810.569271557594,39.7392364,-104.984862,35.4729886,-97.5170536,93.21546622912332,81.05692715575941
airplane,Las Vegas-Denver,Las Vegas,Denver,2.218085009831249,974.468007864999,36.171697,-115.1463536,39.7392364,-104.984862,112.0638209044749,97.4468007864999
airplane,Denver-Las Vegas,Denver,Las Vegas,2.218085009831249,974.468007864999,39.7392364,-104.984862,36.171697,-115.1463536,112.0638209044749,97.4468007864999
airplane,Memphis-Denver,Memphis,Denver,2.7645456271079474,1411.636501686358,35.1460249,-90.0517638,39.7392364,-104.984862,162.3381976939312,141.16365016863583
airplane,Denver-Memphis,Denver,Memphis,2.7645456271079474,1411.636501686358,39.7392364,-104.984862,35.1460249,-90.0517638,162.3381976939312,141.16365016863583
airplane,El Paso-Washington,El Paso,Washington,4.466593247244456,2773.2745977955647,31.7601164,-106.4870404,38.8950368,-77.0365427,318.92657874648995,277.3274597795565
airplane,Washington-El Paso,Washington,El Paso,4.466593247244456,2773.2745977955647,38.8950368,-77.0365427,31.7601164,-106.4870404,318.92657874648995,277.3274597795565
airplane,Detroit-Washington,Detroit,Washington,1.7935661906899345,634.8529525519474,42.3315509,-83.0466403,38.8950368,-77.0365427,73.00808954347396,63.48529525519474
airplane,Washington-Detroit,Washington,Detroit,1.7935661906899345,634.8529525519474,38.8950368,-77.0365427,42.3315509,-83.0466403,73.00808954347396,63.48529525519474
airplane,Oklahoma City-Washington,Oklahoma City,Washington,3.3120202095402247,1849.61616763218,35.4729886,-97.5170536,38.8950368,-77.0365427,212.7058592777007,184.961616763218
airplane,Washington-Oklahoma City,Washington,Oklahoma City,3.3120202095402247,1849.61616763218,38.8950368,-77.0365427,35.4729886,-97.5170536,212.7058592777007,184.961616763218
airplane,Las Vegas-Washington,Las Vegas,Washington,5.187076630419061,3349.661304335249,36.171697,-115.1463536,38.8950368,-77.0365427,385.2110499985537,334.96613043352494
airplane,Washington-Las Vegas,Washington,Las Vegas,5.187076630419061,3349.661304335249,38.8950368,-77.0365427,36.171697,-115.1463536,385.2110499985537,334.96613043352494
airplane,Memphis-Washington,Memphis,Washington,2.5337718476591045,1227.0174781272838,35.1460249,-90.0517638,38.8950368,-77.0365427,141.10700998463764,122.7017478127284
airplane,Washington-Memphis,Washington,Memphis,2.5337718476591045,1227.0174781272838,38.8950368,-77.0365427,35.1460249,-90.0517638,141.10700998463764,122.7017478127284
airplane,Detroit-El Paso,Detroit,El Paso,3.972312406707419,2377.849925365935,42.3315509,-83.0466403,31.7601164,-106.4870404,273.45274141708256,237.7849925365936
airplane,El Paso-Detroit,El Paso,Detroit,3.972312406707419,2377.849925365935,31.7601164,-106.4870404,42.3315509,-83.0466403,273.45274141708256,237.7849925365936
airplane,Oklahoma City-El Paso,Oklahoma City,El Paso,2.158775194325205,927.020155460164,35.4729886,-97.5170536,31.7601164,-106.4870404,106.60731787791886,92.7020155460164
airplane,El Paso-Oklahoma City,El Paso,Oklahoma City,2.158775194325205,927.020155460164,31.7601164,-106.4870404,35.4729886,-97.5170536,106.60731787791886,92.7020155460164
airplane,Las Vegas-El Paso,Las Vegas,El Paso,2.17076114071472,936.608912571776,36.171697,-115.1463536,31.7601164,-106.4870404,107.71002494575426,93.6608912571776
airplane,El Paso-Las Vegas,El Paso,Las Vegas,2.17076114071472,936.608912571776,31.7601164,-106.4870404,36.171697,-115.1463536,107.71002494575426,93.6608912571776
airplane,Memphis-El Paso,Memphis,El Paso,2.9606417608831817,1568.5134087065453,35.1460249,-90.0517638,31.7601164,-106.4870404,180.3790420012527,156.85134087065455
airplane,El Paso-Memphis,El Paso,Memphis,2.9606417608831817,1568.5134087065453,31.7601164,-106.4870404,35.1460249,-90.0517638,180.3790420012527,156.85134087065455
airplane,Oklahoma City-Detroit,Oklahoma City,Detroit,2.8289091905336408,1463.1273524269125,35.4729886,-97.5170536,42.3315509,-83.0466403,168.25964552909494,146.31273524269125
airplane,Detroit-Oklahoma City,Detroit,Oklahoma City,2.8289091905336408,1463.1273524269125,42.3315509,-83.0466403,35.4729886,-97.5170536,168.25964552909494,146.31273524269125
airplane,Las Vegas-Detroit,Las Vegas,Detroit,4.536751227700596,2829.400982160477,36.171697,-115.1463536,42.3315509,-83.0466403,325.38111294845487,282.9400982160477
airplane,Detroit-Las Vegas,Detroit,Las Vegas,4.536751227700596,2829.400982160477,42.3315509,-83.0466403,36.171697,-115.1463536,325.38111294845487,282.9400982160477
airplane,Memphis-Detroit,Memphis,Detroit,2.253705801460022,1002.9646411680176,35.1460249,-90.0517638,42.3315509,-83.0466403,115.34093373432202,100.29646411680176
airplane,Detroit-Memphis,Detroit,Memphis,2.253705801460022,1002.9646411680176,42.3315509,-83.0466403,35.1460249,-90.0517638,115.34093373432202,100.29646411680176
airplane,Las Vegas-Oklahoma City,Las Vegas,Oklahoma City,2.98648330724266,1589.186645794128,36.171697,-115.1463536,35.4729886,-97.5170536,182.7564642663248,158.91866457941282
airplane,Oklahoma City-Las Vegas,Oklahoma City,Las Vegas,2.98648330724266,1589.186645794128,35.4729886,-97.5170536,36.171697,-115.1463536,182.7564642663248,158.91866457941282
airplane,Memphis-Oklahoma City,Memphis,Oklahoma City,1.8477634600424733,678.2107680339786,35.1460249,-90.0517638,35.4729886,-97.5170536,77.99423832390755,67.82107680339787
airplane,Oklahoma City-Memphis,Oklahoma City,Memphis,1.8477634600424733,678.2107680339786,35.4729886,-97.5170536,35.1460249,-90.0517638,77.99423832390755,67.82107680339787
airplane,Memphis-Las Vegas,Memphis,Las Vegas,3.829705659810323,2263.7645278482582,35.1460249,-90.0517638,36.171697,-115.1463536,260.3329207025497,226.37645278482583
airplane,Las Vegas-Memphis,Las Vegas,Memphis,3.829705659810323,2263.7645278482582,36.171697,-115.1463536,35.1460249,-90.0517638,260.3329207025497,226.37645278482583
ship,Los Angeles-New York,Los Angeles,New York,308.0846666666667,9242.54,34.0536909,-118.242766,40.7127281,-74.0060152,46.212700000000005,184.8508
ship,Chicago-New York,Chicago,New York,166.41933333333333,4992.58,41.8755616,-87.6244212,40.7127281,-74.0060152,24.9629,99.8516
ship,San Diego-New York,San Diego,New York,304.5673333333333,9137.02,32.7174202,-117.162772,40.7127281,-74.0060152,45.685100000000006,182.7404
ship,San Francisco-New York,San Francisco,New York,329.9026666666667,9897.08,37.7792588,-122.4193286,40.7127281,-74.0060152,49.4854,197.9416
ship,Seattle-New York,Seattle,New York,380.52166666666665,11415.65,47.6038321,-122.330062,40.7127281,-74.0060152,57.07825,228.313
ship,Washington-New York,Washington,New York,25.057,751.71,38.8950368,-77.0365427,40.7127281,-74.0060152,3.75855,15.0342
ship,Boston-New York,Boston,New York,14.722,441.66,42.3554334,-71.060511,40.7127281,-74.0060152,2.2083000000000004,8.833200000000001
ship,Baltimore-New York,Baltimore,New York,25.651333333333334,769.54,39.2908816,-76.610759,40.7127281,-74.0060152,3.8477,15.3908
ship,New York-Los Angeles,New York,Los Angeles,308.0846666666667,9242.54,40.7127281,-74.0060152,34.0536909,-118.242766,46.212700000000005,184.8508
ship,New York-Chicago,New York,Chicago,166.41933333333333,4992.58,40.7127281,-74.0060152,41.8755616,-87.6244212,24.9629,99.8516
ship,New York-San Diego,New York,San Diego,304.5673333333333,9137.02,40.7127281,-74.0060152,32.7174202,-117.162772,45.685100000000006,182.7404
ship,New York-San Francisco,New York,San Francisco,329.9026666666667,9897.08,40.7127281,-74.0060152,37.7792588,-122.4193286,49.4854,197.9416
ship,New York-Seattle,New York,Seattle,380.52166666666665,11415.65,40.7127281,-74.0060152,47.6038321,-122.330062,57.07825,228.313
ship,New York-Washington,New York,Washington,25.057,751.71,40.7127281,-74.0060152,38.8950368,-77.0365427,3.75855,15.0342
ship,New York-Boston,New York,Boston,14.722,441.66,40.7127281,-74.0060152,42.3554334,-71.060511,2.2083000000000004,8.833200000000001
ship,New York-Baltimore,New York,Baltimore,25.651333333333334,769.54,40.7127281,-74.0060152,39.2908816,-76.610759,3.8477,15.3908
ship,Los Angeles-Seattle,Los Angeles,Seattle,76.22766666666666,2286.83,34.0536909,-118.242766,47.6038321,-122.330062,11.43415,45.7366
ship,Chicago-Seattle,Chicago,Seattle,534.5976666666667,16037.93,41.8755616,-87.6244212,47.6038321,-122.330062,80.18965,320.7586
ship,San Diego-Seattle,San Diego,Seattle,79.77,2393.1,32.7174202,-117.162772,47.6038321,-122.330062,11.9655,47.862
ship,San Francisco-Seattle,San Francisco,Seattle,53.17133333333334,1595.14,37.7792588,-122.4193286,47.6038321,-122.330062,7.975700000000001,31.902800000000003
ship,Washington-Seattle,Washington,Seattle,376.0663333333333,11281.99,38.8950368,-77.0365427,47.6038321,-122.330062,56.40995,225.6398
ship,Boston-Seattle,Boston,Seattle,389.059,11671.77,42.3554334,-71.060511,47.6038321,-122.330062,58.35885,233.4354
ship,Baltimore-Seattle,Baltimore,Seattle,376.6603333333333,11299.81,39.2908816,-76.610759,47.6038321,-122.330062,56.49905,225.9962
ship,Seattle-Los Angeles,Seattle,Los Angeles,76.22766666666666,2286.83,47.6038321,-122.330062,34.0536909,-118.242766,11.43415,45.7366
ship,Seattle-Chicago,Seattle,Chicago,534.5976666666667,16037.93,47.6038321,-122.330062,41.8755616,-87.6244212,80.18965,320.7586
ship,Seattle-San Diego,Seattle,San Diego,79.77,2393.1,47.6038321,-122.330062,32.7174202,-117.162772,11.9655,47.862
ship,Seattle-San Francisco,Seattle,San Francisco,53.17133333333334,1595.14,47.6038321,-122.330062,37.7792588,-122.4193286,7.975700000000001,31.902800000000003
ship,Seattle-Washington,Seattle,Washington,376.0663333333333,11281.99,47.6038321,-122.330062,38.8950368,-77.0365427,56.40995,225.6398
ship,Seattle-Boston,Seattle,Boston,389.059,11671.77,47.6038321,-122.330062,42.3554334,-71.060511,58.35885,233.4354
ship,Seattle-Baltimore,Seattle,Baltimore,376.6603333333333,11299.81,47.6038321,-122.330062,39.2908816,-76.610759,56.49905,225.9962
ship,Los Angeles-Boston,Los Angeles,Boston,316.62233333333336,9498.67,34.0536909,-118.242766,42.3554334,-71.060511,47.49335,189.9734
ship,Chicago-Boston,Chicago,Boston,157.63033333333334,4728.91,41.8755616,-87.6244212,42.3554334,-71.060511,23.64455,94.5782
ship,San Diego-Boston,San Diego,Boston,313.105,9393.15,32.7174202,-117.162772,42.3554334,-71.060511,46.96575,187.863
ship,San Francisco-Boston,San Francisco,Boston,338.44,10153.2,37.7792588,-122.4193286,42.3554334,-71.060511,50.766000000000005,203.064
ship,Washington-Boston,Washington,Boston,37.106,1113.18,38.8950368,-77.0365427,42.3554334,-71.060511,5.5659,22.2636
ship,Baltimore-Boston,Baltimore,Boston,37.7,1131.0,39.2908816,-76.610759,42.3554334,-71.060511,5.655,22.62
ship,Boston-Los Angeles,Boston,Los Angeles,316.62233333333336,9498.67,42.3554334,-71.060511,34.0536909,-118.242766,47.49335,189.9734
ship,Boston-Chicago,Boston,Chicago,157.63033333333334,4728.91,42.3554334,-71.060511,41.8755616,-87.6244212,23.64455,94.5782
ship,Boston-San Diego,Boston,San Diego,313.105,9393.15,42.3554334,-71.060511,32.7174202,-117.162772,46.96575,187.863
ship,Boston-San Francisco,Boston,San Francisco,338.44,10153.2,42.3554334,-71.060511,37.7792588,-122.4193286,50.766000000000005,203.064
ship,Boston-Washington,Boston,Washington,37.106,1113.18,42.3554334,-71.060511,38.8950368,-77.0365427,5.5659,22.2636
ship,Boston-Baltimore,Boston,Baltimore,37.7,1131.0,42.3554334,-71.060511,39.2908816,-76.610759,5.655,22.62
train,New York - Chicago,New York,Chicago,19.01896802837237,1521.51744226979,-74.0060152,40.7127281,-87.6244212,41.8755616,42.29818489510016,76.07587211348951
train,New York - Washington,New York,Washington,4.917352819939061,393.3882255951249,-74.0060152,40.7127281,-77.0365427,38.8950368,10.936192671544472,19.669411279756247
train,New York - Boston,New York,Boston,4.692982169822069,375.4385735857656,-74.0060152,40.7127281,-71.060511,42.3554334,10.437192345684284,18.77192867928828
train,San Diego - San Antonio,San Diego,San Antonio,26.377024172308285,2110.161933784663,-117.162772,32.7174202,-98.4951405,29.4246002,58.66250175921362,105.50809668923314
train,San Antonio - Austin,San Antonio,Austin,1.5750857480319929,126.00685984255944,-98.4951405,29.4246002,-97.7436995,30.2711286,3.502990703623152,6.300342992127972
train,San Antonio - Houston,San Antonio,Houston,4.376634106618563,350.13072852948505,-98.4951405,29.4246002,-95.3676974,29.7589382,9.733634253119684,17.506536426474252
train,Los Angeles - San Diego,Los Angeles,San Diego,2.390792362389529,191.26338899116232,-118.242766,34.0536909,-117.162772,32.7174202,5.317122213954312,9.563169449558115
train,Los Angeles - Austin,Los Angeles,Austin,29.00600040456517,2320.4800323652144,-118.242766,34.0536909,-97.7436995,30.2711286,64.50934489975296,116.02400161826073
train,Los Angeles - San Jose,Los Angeles,San Jose,6.828462395290375,546.27699162323,-118.242766,34.0536909,-121.890591,37.3361663,15.186500367125792,27.3138495811615
train,Chicago - Detroit,Chicago,Detroit,6.401505608131345,512.1204486505076,-87.6244212,41.8755616,-83.0466403,42.3315509,14.23694847248411,25.60602243252538
train,Washington - Jacksonville,Washington,Jacksonville,13.538273359247489,1083.0618687397991,-77.0365427,38.8950368,-81.655651,30.3321838,30.109119950966413,54.15309343698996
train,Chicago - Louisville,Chicago,Louisville,5.668081087278531,453.44648698228247,-87.6244212,41.8755616,-85.759407,38.2542376,12.605812338107452,22.672324349114124
train,Chicago - New York,Chicago,New York,19.01896802837237,1521.51744226979,-87.6244212,41.8755616,-74.0060152,40.7127281,42.29818489510016,76.07587211348951
train,Washington - New York,Washington,New York,4.917352819939061,393.3882255951249,-77.0365427,38.8950368,-74.0060152,40.7127281,10.936192671544472,19.669411279756247
train,Boston - New York,Boston,New York,4.692982169822069,375.4385735857656,-71.060511,42.3554334,-74.0060152,40.7127281,10.437192345684284,18.77192867928828
train,San Antonio - San Diego,San Antonio,San Diego,26.377024172308285,2110.161933784663,-98.4951405,29.4246002,-117.162772,32.7174202,58.66250175921362,105.50809668923314
train,Austin - San Antonio,Austin,San Antonio,1.5750857480319929,126.00685984255944,-97.7436995,30.2711286,-98.4951405,29.4246002,3.502990703623152,6.300342992127972
train,Houston - San Antonio,Houston,San Antonio,4.376634106618563,350.13072852948505,-95.3676974,29.7589382,-98.4951405,29.4246002,9.733634253119684,17.506536426474252
train,San Diego - Los Angeles,San Diego,Los Angeles,2.390792362389529,191.26338899116232,-117.162772,32.7174202,-118.242766,34.0536909,5.317122213954312,9.563169449558115
train,Austin - Los Angeles,Austin,Los Angeles,29.00600040456517,2320.4800323652144,-97.7436995,30.2711286,-118.242766,34.0536909,64.50934489975296,116.02400161826073
train,San Jose - Los Angeles,San Jose,Los Angeles,6.828462395290375,546.27699162323,-121.890591,37.3361663,-118.242766,34.0536909,15.186500367125792,27.3138495811615
train,Detroit - Chicago,Detroit,Chicago,6.401505608131345,512.1204486505076,-83.0466403,42.3315509,-87.6244212,41.8755616,14.23694847248411,25.60602243252538
train,Jacksonville - Washington,Jacksonville,Washington,13.538273359247489,1083.0618687397991,-81.655651,30.3321838,-77.0365427,38.8950368,30.109119950966413,54.15309343698996
train,Louisville - Chicago,Louisville,Chicago,5.668081087278531,453.44648698228247,-85.759407,38.2542376,-87.6244212,41.8755616,12.605812338107452,22.672324349114124
road,New York-Philadelphia,New York,Philadelphia,2.0310277777777777,152.706,40.7127281,-74.0060152,39.9527237,-75.1635262,18.32472,7.6353
road,New York-Columbus,New York,Columbus,10.530416666666667,862.5244,40.7127281,-74.0060152,39.9622601,-83.0007065,103.502928,43.12622
road,New York-Washington,New York,Washington,4.755194444444444,364.3931,40.7127281,-74.0060152,38.8950368,-77.0365427,43.727171999999996,18.219655
road,New York-Boston,New York,Boston,4.67375,343.387,40.7127281,-74.0060152,42.3554334,-71.060511,41.20644,17.16935
road,New York-Detroit,New York,Detroit,11.695944444444445,992.0021,40.7127281,-74.0060152,42.3315509,-83.0466403,119.040252,49.600105000000006
road,New York-Baltimore,New York,Baltimore,3.91125,302.17440000000005,40.7127281,-74.0060152,39.290386,-76.61219,36.26092800000001,15.108720000000003
road,Los Angeles-Phoenix,Los Angeles,Phoenix,6.6963888888888885,599.8838000000001,34.052235,-118.243683,33.4484367,-112.074141,71.986056,29.994190000000003
road,Los Angeles-San Diego,Los Angeles,San Diego,2.454888888888889,195.54870000000005,34.052235,-118.243683,32.7174202,-117.162772,23.465844000000004,9.777435000000004
road,Los Angeles-San Jose,Los Angeles,San Jose,6.430222222222222,547.2179,34.052235,-118.243683,37.3361663,-121.890591,65.66614799999999,27.360895
road,Los Angeles-San Francisco,Los Angeles,San Francisco,7.1243333333333325,613.5952,34.052235,-118.243683,37.7792588,-122.4193286,73.631424,30.67976
road,Los Angeles-Las Vegas,Los Angeles,Las Vegas,4.953277777777777,434.5975,34.052235,-118.243683,36.171697,-115.1463536,52.1517,21.729875000000003
road,Chicago-Columbus,Chicago,Columbus,6.770388888888889,569.0421,41.8755616,-87.6244212,39.9622601,-83.0007065,68.285052,28.452105000000003
road,Chicago-Indianapolis,Chicago,Indianapolis,3.5959166666666667,290.8266,41.8755616,-87.6244212,39.7683331,-86.1583502,34.899192,14.54133
road,Chicago-Nashville,Chicago,Nashville,8.849416666666666,753.7627,41.8755616,-87.6244212,36.1622767,-86.7742984,90.45152399999999,37.688135
road,Chicago-Detroit,Chicago,Detroit,5.281166666666667,453.0246,41.8755616,-87.6244212,42.3315509,-83.0466403,54.362952,22.65123
road,Chicago-Memphis,Chicago,Memphis,9.740916666666667,855.9293,41.8755616,-87.6244212,35.1460249,-90.0517638,102.711516,42.796465000000005
road,Chicago-Louisville,Chicago,Louisville,5.679083333333334,474.5832,41.8755616,-87.6244212,38.2542376,-85.759407,56.94998399999999,23.72916
road,Houston-San Antonio,Houston,San Antonio,3.4954444444444444,315.3023,29.7589382,-95.3676974,29.4246002,-98.4951405,37.836276,15.765115000000002
road,Houston-Dallas,Houston,Dallas,4.242083333333333,384.7025,29.7589382,-95.3676974,32.7762719,-96.7968559,46.1643,19.235125
road,Houston-Austin,Houston,Austin,3.0219722222222223,262.3538,29.7589382,-95.3676974,30.2711286,-97.7436995,31.482455999999996,13.11769
road,Houston-Fort Worth,Houston,Fort Worth,4.756361111111112,422.2328,29.7589382,-95.3676974,32.753177,-97.3327459,50.667936,21.11164
road,Houston-Oklahoma City,Houston,Oklahoma City,7.8662222222222224,715.0739,29.7589382,-95.3676974,35.4729886,-97.5170536,85.80886799999999,35.753695
road,Houston-Memphis,Houston,Memphis,10.425,912.5255,29.7589382,-95.3676974,35.1460249,-90.0517638,109.50305999999999,45.626275
road,Phoenix-Los Angeles,Phoenix,Los Angeles,6.697416666666667,600.1144,33.4484367,-112.074141,34.052235,-118.243683,72.013728,30.005720000000004
road,Phoenix-San Diego,Phoenix,San Diego,6.564138888888889,571.5723,33.4484367,-112.074141,32.7174202,-117.162772,68.588676,28.578615000000003
road,Phoenix-El Paso,Phoenix,El Paso,7.483777777777777,692.1568000000001,33.4484367,-112.074141,31.7601164,-106.4870404,83.05881600000001,34.60784
road,Phoenix-Las Vegas,Phoenix,Las Vegas,5.977027777777778,460.1066,33.4484367,-112.074141,36.171697,-115.1463536,55.212792,23.00533
road,Philadelphia-New York,Philadelphia,New York,2.021027777777778,151.3953,39.9527237,-75.1635262,40.7127281,-74.0060152,18.167436,7.569765
road,Philadelphia-Columbus,Philadelphia,Columbus,8.985527777777778,755.9211,39.9527237,-75.1635262,39.9622601,-83.0007065,90.710532,37.796055
road,Philadelphia-Charlotte,Philadelphia,Charlotte,10.570416666666668,863.3838000000001,39.9527237,-75.1635262,35.2272086,-80.8430827,103.60605600000001,43.16919000000001
road,Philadelphia-Washington,Philadelphia,Washington,3.0344722222222225,224.9361,39.9527237,-75.1635262,38.8950368,-77.0365427,26.992332,11.246805000000002
road,Philadelphia-Boston,Philadelphia,Boston,6.40375,489.0874,39.9527237,-75.1635262,42.3554334,-71.060511,58.690487999999995,24.45437
road,Philadelphia-Detroit,Philadelphia,Detroit,10.79111111111111,940.3088,39.9527237,-75.1635262,42.3315509,-83.0466403,112.837056,47.015440000000005
road,Philadelphia-Baltimore,Philadelphia,Baltimore,2.1905277777777776,162.7174,39.9527237,-75.1635262,39.290386,-76.61219,19.526087999999998,8.13587
road,San Antonio-Houston,San Antonio,Houston,3.4726666666666666,314.6046,29.4246002,-98.4951405,29.7589382,-95.3676974,37.752552,15.73023
road,San Antonio-Dallas,San Antonio,Dallas,4.890972222222223,439.0777,29.4246002,-98.4951405,32.7762719,-96.7968559,52.689324,21.953885
road,San Antonio-Austin,San Antonio,Austin,1.527027777777778,128.2165,29.4246002,-98.4951405,30.2711286,-97.7436995,15.385979999999998,6.410825
road,San Antonio-Fort Worth,San Antonio,Fort Worth,4.808972222222222,431.0653,29.4246002,-98.4951405,32.753177,-97.3327459,51.727835999999996,21.553265
road,San Antonio-El Paso,San Antonio,El Paso,8.92425,888.8951999999999,29.4246002,-98.4951405,31.7601164,-106.4870404,106.66742399999998,44.44476
road,San Antonio-Oklahoma City,San Antonio,Oklahoma City,8.228805555555557,749.6118,29.4246002,-98.4951405,35.4729886,-97.5170536,89.953416,37.48059
road,San Diego-Los Angeles,San Diego,Los Angeles,2.422416666666667,194.5614,32.7174202,-117.162772,34.052235,-118.243683,23.347368,9.72807
road,San Diego-Phoenix,San Diego,Phoenix,6.597027777777778,572.0509000000001,32.7174202,-117.162772,33.4484367,-112.074141,68.64610800000001,28.602545000000006
road,San Diego-San Jose,San Diego,San Jose,8.766861111111112,740.529,32.7174202,-117.162772,37.3361663,-121.890591,88.86348,37.026450000000004
road,San Diego-San Francisco,San Diego,San Francisco,9.460972222222225,806.9063000000001,32.7174202,-117.162772,37.7792588,-122.4193286,96.82875600000001,40.34531500000001
road,San Diego-Las Vegas,San Diego,Las Vegas,6.106333333333333,533.3805,32.7174202,-117.162772,36.171697,-115.1463536,64.00565999999999,26.669025
road,Dallas-Houston,Dallas,Houston,4.2225,383.8006,32.7762719,-96.7968559,29.7589382,-95.3676974,46.05607199999999,19.19003
road,Dallas-San Antonio,Dallas,San Antonio,4.878722222222223,439.079,32.7762719,-96.7968559,29.4246002,-98.4951405,52.689479999999996,21.953950000000003
road,Dallas-Austin,Dallas,Austin,3.42225,313.1327,32.7762719,-96.7968559,30.2711286,-97.7436995,37.575924,15.656635000000001
road,Dallas-Fort Worth,Dallas,Fort Worth,0.6786666666666666,51.991800000000005,32.7762719,-96.7968559,32.753177,-97.3327459,6.239016,2.5995900000000005
road,Dallas-Oklahoma City,Dallas,Oklahoma City,3.6665,330.9396,32.7762719,-96.7968559,35.4729886,-97.5170536,39.712751999999995,16.54698
road,Dallas-Memphis,Dallas,Memphis,7.942416666666666,728.5640999999999,32.7762719,-96.7968559,35.1460249,-90.0517638,87.427692,36.428205
road,San Jose-Los Angeles,San Jose,Los Angeles,6.4321111111111104,546.3499,37.3361663,-121.890591,34.052235,-118.243683,65.561988,27.317495000000005
road,San Jose-San Diego,San Jose,San Diego,8.828472222222222,741.687,37.3361663,-121.890591,32.7174202,-117.162772,89.00243999999999,37.08435
road,San Jose-San Francisco,San Jose,San Francisco,1.0037777777777777,77.53869999999999,37.3361663,-121.890591,37.7792588,-122.4193286,9.304643999999998,3.8769349999999996
road,San Jose-Las Vegas,San Jose,Las Vegas,9.875694444444443,847.1848,37.3361663,-121.890591,36.171697,-115.1463536,101.662176,42.35924
road,Austin-Houston,Austin,Houston,3.0008611111111114,261.8537,30.2711286,-97.7436995,29.7589382,-95.3676974,31.422444,13.092685000000001
road,Austin-San Antonio,Austin,San Antonio,1.522527777777778,128.0083,30.2711286,-97.7436995,29.4246002,-98.4951405,15.360995999999998,6.400415
road,Austin-Dallas,Austin,Dallas,3.439,313.29240000000004,30.2711286,-97.7436995,32.7762719,-96.7968559,37.595088000000004,15.664620000000003
road,Austin-Fort Worth,Austin,Fort Worth,3.357,305.28,30.2711286,-97.7436995,32.753177,-97.3327459,36.633599999999994,15.264
road,Austin-El Paso,Austin,El Paso,9.716138888888889,928.4926,30.2711286,-97.7436995,31.7601164,-106.4870404,111.419112,46.42463000000001
road,Austin-Oklahoma City,Austin,Oklahoma City,6.776833333333333,623.8265,30.2711286,-97.7436995,35.4729886,-97.5170536,74.85918,31.191325000000003
road,Jacksonville-Charlotte,Jacksonville,Charlotte,7.085333333333334,613.9162,30.3321838,-81.655651,35.2272086,-80.8430827,73.669944,30.69581
road,Jacksonville-Nashville,Jacksonville,Nashville,10.96202777777778,954.2198,30.3321838,-81.655651,36.1622767,-86.7742984,114.50637599999999,47.71099
road,Fort Worth-Houston,Fort Worth,Houston,4.711777777777778,421.1364,32.753177,-97.3327459,29.7589382,-95.3676974,50.536367999999996,21.056820000000002
road,Fort Worth-San Antonio,Fort Worth,San Antonio,4.79913888888889,430.2822,32.753177,-97.3327459,29.4246002,-98.4951405,51.633863999999996,21.514110000000002
road,Fort Worth-Dallas,Fort Worth,Dallas,0.6941666666666667,52.500800000000005,32.753177,-97.3327459,32.7762719,-96.7968559,6.300096000000001,2.6250400000000003
road,Fort Worth-Austin,Fort Worth,Austin,3.3426666666666667,304.33590000000004,32.753177,-97.3327459,30.2711286,-97.7436995,36.520308,15.216795000000003
road,Fort Worth-El Paso,Fort Worth,El Paso,10.086083333333336,972.3021,32.753177,-97.3327459,31.7601164,-106.4870404,116.67625199999999,48.615105
road,Fort Worth-Oklahoma City,Fort Worth,Oklahoma City,3.5122222222222224,321.66020000000003,32.753177,-97.3327459,35.4729886,-97.5170536,38.599224,16.08301
road,Fort Worth-Memphis,Fort Worth,Memphis,8.566722222222223,779.5228000000001,32.753177,-97.3327459,35.1460249,-90.0517638,93.542736,38.97614000000001
road,Columbus-New York,Columbus,New York,10.61186111111111,863.9545,39.9622601,-83.0007065,40.7127281,-74.0060152,103.67454000000001,43.197725000000005
road,Columbus-Chicago,Columbus,Chicago,6.749416666666667,567.3666,39.9622601,-83.0007065,41.8755616,-87.6244212,68.083992,28.36833
road,Columbus-Philadelphia,Columbus,Philadelphia,9.026361111111113,756.3311,39.9622601,-83.0007065,39.9527237,-75.1635262,90.759732,37.816555
road,Columbus-Charlotte,Columbus,Charlotte,8.518722222222223,685.8670999999999,39.9622601,-83.0007065,35.2272086,-80.8430827,82.30405199999998,34.293355
road,Columbus-Indianapolis,Columbus,Indianapolis,3.3204166666666666,281.6216,39.9622601,-83.0007065,39.7683331,-86.1583502,33.794592,14.08108
road,Columbus-Washington,Columbus,Washington,7.894555555555556,637.8039,39.9622601,-83.0007065,38.8950368,-77.0365427,76.536468,31.890195000000002
road,Columbus-Nashville,Columbus,Nashville,7.113388888888889,609.2854,39.9622601,-83.0007065,36.1622767,-86.7742984,73.11424799999999,30.46427
road,Columbus-Detroit,Columbus,Detroit,4.056388888888889,300.10220000000004,39.9622601,-83.0007065,42.3315509,-83.0466403,36.012264,15.005110000000002
road,Columbus-Memphis,Columbus,Memphis,10.936277777777777,947.2941,39.9622601,-83.0007065,35.1460249,-90.0517638,113.67529199999998,47.364705
road,Columbus-Baltimore,Columbus,Baltimore,7.869694444444445,647.6265999999999,39.9622601,-83.0007065,39.290386,-76.61219,77.71519199999999,32.38133
road,Columbus-Louisville,Columbus,Louisville,3.947861111111111,331.0532,39.9622601,-83.0007065,38.2542376,-85.759407,39.726383999999996,16.55266
road,Charlotte-New York,Charlotte,New York,12.253222222222222,999.4435,35.2272086,-80.8430827,40.7127281,-74.0060152,119.93321999999999,49.972175
road,Charlotte-Philadelphia,Charlotte,Philadelphia,10.564416666666666,856.8968000000001,35.2272086,-80.8430827,39.9527237,-75.1635262,102.827616,42.844840000000005
road,Charlotte-Jacksonville,Charlotte,Jacksonville,7.075138888888889,614.6433000000001,35.2272086,-80.8430827,30.3321838,-81.655651,73.75719600000001,30.732165000000006
road,Charlotte-Columbus,Charlotte,Columbus,8.495166666666666,685.65,35.2272086,-80.8430827,39.9622601,-83.0007065,82.27799999999999,34.2825
road,Charlotte-Indianapolis,Charlotte,Indianapolis,11.144555555555556,915.5208,35.2272086,-80.8430827,39.7683331,-86.1583502,109.862496,45.77604
road,Charlotte-Washington,Charlotte,Washington,7.57586111111111,637.4854,35.2272086,-80.8430827,38.8950368,-77.0365427,76.498248,31.874270000000003
road,Charlotte-Nashville,Charlotte,Nashville,8.140916666666666,654.4438,35.2272086,-80.8430827,36.1622767,-86.7742984,78.533256,32.722190000000005
road,Charlotte-Baltimore,Charlotte,Baltimore,8.525,699.0714,35.2272086,-80.8430827,39.290386,-76.61219,83.888568,34.953570000000006
road,Charlotte-Louisville,Charlotte,Louisville,9.275666666666668,729.4618,35.2272086,-80.8430827,38.2542376,-85.759407,87.535416,36.473090000000006
road,San Francisco-Los Angeles,San Francisco,Los Angeles,7.12425,613.0906,37.7792588,-122.4193286,34.052235,-118.243683,73.570872,30.65453
road,San Francisco-San Diego,San Francisco,San Diego,9.52061111111111,808.4276,37.7792588,-122.4193286,32.7174202,-117.162772,97.01131199999999,40.42138
road,San Francisco-San Jose,San Francisco,San Jose,1.020333333333333,77.4645,37.7792588,-122.4193286,37.3361663,-121.890591,9.29574,3.873225
road,San Francisco-Las Vegas,San Francisco,Las Vegas,10.567833333333333,913.9254,37.7792588,-122.4193286,36.171697,-115.1463536,109.671048,45.69627
road,Indianapolis-Chicago,Indianapolis,Chicago,3.5716944444444447,292.0425,39.7683331,-86.1583502,41.8755616,-87.6244212,35.0451,14.602125000000001
road,Indianapolis-Columbus,Indianapolis,Columbus,3.306111111111111,281.3869,39.7683331,-86.1583502,39.9622601,-83.0007065,33.766428000000005,14.069345000000002
road,Indianapolis-Charlotte,Indianapolis,Charlotte,11.136805555555556,915.867,39.7683331,-86.1583502,35.2272086,-80.8430827,109.90404,45.793350000000004
road,Indianapolis-Washington,Indianapolis,Washington,11.085833333333332,919.0592,39.7683331,-86.1583502,38.8950368,-77.0365427,110.287104,45.952960000000004
road,Indianapolis-Nashville,Indianapolis,Nashville,5.337638888888889,462.7068,39.7683331,-86.1583502,36.1622767,-86.7742984,55.524815999999994,23.13534
road,Indianapolis-Detroit,Indianapolis,Detroit,5.492555555555556,446.6709,39.7683331,-86.1583502,42.3315509,-83.0466403,53.600508,22.333545
road,Indianapolis-Memphis,Indianapolis,Memphis,8.494333333333334,747.608,39.7683331,-86.1583502,35.1460249,-90.0517638,89.71296,37.3804
road,Indianapolis-Baltimore,Indianapolis,Baltimore,11.060972222222222,928.8819,39.7683331,-86.1583502,39.290386,-76.61219,111.46582799999999,46.444095000000004
road,Indianapolis-Louisville,Indianapolis,Louisville,2.167305555555556,183.5273,39.7683331,-86.1583502,38.2542376,-85.759407,22.023276,9.176365
road,Seattle-Portland,Seattle,Portland,3.419694444444444,279.0287,47.6038321,-122.330062,45.5202471,-122.674194,33.483444,13.951435000000002
road,Washington-New York,Washington,New York,4.691027777777778,362.3272,38.8950368,-77.0365427,40.7127281,-74.0060152,43.479264,18.11636
road,Washington-Philadelphia,Washington,Philadelphia,3.002222222222222,219.7805,38.8950368,-77.0365427,39.9527237,-75.1635262,26.373659999999997,10.989025
road,Washington-Columbus,Washington,Columbus,7.892333333333334,638.3026,38.8950368,-77.0365427,39.9622601,-83.0007065,76.596312,31.91513
road,Washington-Charlotte,Washington,Charlotte,7.5496388888888895,637.4046,38.8950368,-77.0365427,35.2272086,-80.8430827,76.488552,31.87023
road,Washington-Indianapolis,Washington,Indianapolis,11.126694444444444,919.5591,38.8950368,-77.0365427,39.7683331,-86.1583502,110.34709199999999,45.977955
road,Washington-Boston,Washington,Boston,9.074027777777776,700.0426,38.8950368,-77.0365427,42.3554334,-71.060511,84.005112,35.00213
road,Washington-Detroit,Washington,Detroit,9.890444444444444,838.308,38.8950368,-77.0365427,42.3315509,-83.0466403,100.59696,41.915400000000005
road,Washington-Baltimore,Washington,Baltimore,0.9628055555555556,61.9551,38.8950368,-77.0365427,39.290386,-76.61219,7.4346119999999996,3.0977550000000003
road,Washington-Louisville,Washington,Louisville,10.971694444444443,939.4621,38.8950368,-77.0365427,38.2542376,-85.759407,112.735452,46.973105000000004
road,Boston-New York,Boston,New York,4.675638888888889,344.7674,42.3554334,-71.060511,40.7127281,-74.0060152,41.372088,17.23837
road,Boston-Philadelphia,Boston,Philadelphia,6.339333333333333,493.928,42.3554334,-71.060511,39.9527237,-75.1635262,59.271359999999994,24.6964
road,Boston-Washington,Boston,Washington,9.0635,705.615,42.3554334,-71.060511,38.8950368,-77.0365427,84.6738,35.280750000000005
road,Boston-Baltimore,Boston,Baltimore,8.219555555555557,643.3964,42.3554334,-71.060511,39.290386,-76.61219,77.207568,32.16982
road,El Paso-Phoenix,El Paso,Phoenix,7.49175,692.2219,31.7601164,-106.4870404,33.4484367,-112.074141,83.066628,34.611095
road,El Paso-San Antonio,El Paso,San Antonio,8.915222222222223,887.7181999999999,31.7601164,-106.4870404,29.4246002,-98.4951405,106.52618399999999,44.385909999999996
road,El Paso-Austin,El Paso,Austin,9.71375,928.1842,31.7601164,-106.4870404,30.2711286,-97.7436995,111.382104,46.40921
road,El Paso-Fort Worth,El Paso,Fort Worth,10.07125,971.9361,31.7601164,-106.4870404,32.753177,-97.3327459,116.63233199999999,48.596805
road,Nashville-Chicago,Nashville,Chicago,8.839472222222222,754.6103,36.1622767,-86.7742984,41.8755616,-87.6244212,90.553236,37.730515000000004
road,Nashville-Jacksonville,Nashville,Jacksonville,10.894777777777778,951.5588,36.1622767,-86.7742984,30.3321838,-81.655651,114.187056,47.577940000000005
road,Nashville-Columbus,Nashville,Columbus,7.248722222222223,611.6729,36.1622767,-86.7742984,39.9622601,-83.0007065,73.40074800000001,30.583645000000004
road,Nashville-Charlotte,Nashville,Charlotte,8.162138888888888,656.6455,36.1622767,-86.7742984,35.2272086,-80.8430827,78.79745999999999,32.832275
road,Nashville-Indianapolis,Nashville,Indianapolis,5.345583333333333,462.3587,36.1622767,-86.7742984,39.7683331,-86.1583502,55.483044,23.117935000000003
road,Nashville-Detroit,Nashville,Detroit,9.981666666666667,853.7850999999999,36.1622767,-86.7742984,42.3315509,-83.0466403,102.45421199999998,42.689255
road,Nashville-Memphis,Nashville,Memphis,3.923694444444444,342.9622,36.1622767,-86.7742984,35.1460249,-90.0517638,41.155463999999995,17.14811
road,Nashville-Louisville,Nashville,Louisville,3.2432222222222222,280.4979,36.1622767,-86.7742984,38.2542376,-85.759407,33.659748,14.024895
road,Detroit-New York,Detroit,New York,11.690888888888889,997.6556,42.3315509,-83.0466403,40.7127281,-74.0060152,119.718672,49.882780000000004
road,Detroit-Chicago,Detroit,Chicago,5.278444444444445,454.0106,42.3315509,-83.0466403,41.8755616,-87.6244212,54.481272,22.70053
road,Detroit-Philadelphia,Detroit,Philadelphia,10.78438888888889,940.1144,42.3315509,-83.0466403,39.9527237,-75.1635262,112.813728,47.005720000000004
road,Detroit-Columbus,Detroit,Columbus,4.011388888888889,327.9715,42.3315509,-83.0466403,39.9622601,-83.0007065,39.35658,16.398575
road,Detroit-Indianapolis,Detroit,Indianapolis,5.486472222222222,446.4822,42.3315509,-83.0466403,39.7683331,-86.1583502,53.577864,22.32411
road,Detroit-Washington,Detroit,Washington,9.922138888888888,838.9376,42.3315509,-83.0466403,38.8950368,-77.0365427,100.672512,41.94688
road,Detroit-Nashville,Detroit,Nashville,9.953694444444444,853.9981,42.3315509,-83.0466403,36.1622767,-86.7742984,102.479772,42.699905
road,Detroit-Baltimore,Detroit,Baltimore,9.897277777777775,848.7603,42.3315509,-83.0466403,39.290386,-76.61219,101.851236,42.43801500000001
road,Detroit-Louisville,Detroit,Louisville,6.788166666666667,575.7659,42.3315509,-83.0466403,38.2542376,-85.759407,69.09190799999999,28.788295
road,Oklahoma City-Houston,Oklahoma City,Houston,7.837472222222223,713.8129,35.4729886,-97.5170536,29.7589382,-95.3676974,85.65754799999999,35.690645
road,Oklahoma City-San Antonio,Oklahoma City,San Antonio,8.21225,748.5023,35.4729886,-97.5170536,29.4246002,-98.4951405,89.82027599999999,37.425115
road,Oklahoma City-Dallas,Oklahoma City,Dallas,3.658888888888889,329.932,35.4729886,-97.5170536,32.7762719,-96.7968559,39.59184,16.4966
road,Oklahoma City-Austin,Oklahoma City,Austin,6.755777777777777,622.5559000000001,35.4729886,-97.5170536,30.2711286,-97.7436995,74.706708,31.127795000000006
road,Oklahoma City-Fort Worth,Oklahoma City,Fort Worth,3.4876388888888887,320.8793,35.4729886,-97.5170536,32.753177,-97.3327459,38.505516,16.043965
road,Oklahoma City-Memphis,Oklahoma City,Memphis,8.098972222222223,751.0627,35.4729886,-97.5170536,35.1460249,-90.0517638,90.127524,37.553135
road,Portland-Seattle,Portland,Seattle,3.4431944444444444,279.42220000000003,45.5202471,-122.674194,47.6038321,-122.330062,33.530664,13.971110000000003
road,Las Vegas-Los Angeles,Las Vegas,Los Angeles,4.971694444444444,434.2116,36.171697,-115.1463536,34.052235,-118.243683,52.105391999999995,21.71058
road,Las Vegas-Phoenix,Las Vegas,Phoenix,6.009083333333334,460.7115,36.171697,-115.1463536,33.4484367,-112.074141,55.285379999999996,23.035575
road,Las Vegas-San Diego,Las Vegas,San Diego,6.1251388888888885,532.7468,36.171697,-115.1463536,32.7174202,-117.162772,63.929615999999996,26.637340000000002
road,Las Vegas-San Jose,Las Vegas,San Jose,9.895666666666669,845.5421,36.171697,-115.1463536,37.3361663,-121.890591,101.465052,42.277105000000006
road,Las Vegas-San Francisco,Las Vegas,San Francisco,10.589777777777776,911.9194,36.171697,-115.1463536,37.7792588,-122.4193286,109.43032799999999,45.59597
road,Memphis-Chicago,Memphis,Chicago,9.764972222222225,855.8235,35.1460249,-90.0517638,41.8755616,-87.6244212,102.69882,42.791175
road,Memphis-Houston,Memphis,Houston,10.389583333333333,913.6258,35.1460249,-90.0517638,29.7589382,-95.3676974,109.635096,45.681290000000004
road,Memphis-Dallas,Memphis,Dallas,7.956527777777778,729.5455999999999,35.1460249,-90.0517638,32.7762719,-96.7968559,87.54547199999999,36.47728
road,Memphis-Fort Worth,Memphis,Fort Worth,8.593722222222222,780.9119000000001,35.1460249,-90.0517638,32.753177,-97.3327459,93.709428,39.045595000000006
road,Memphis-Columbus,Memphis,Columbus,11.0705,949.9124,35.1460249,-90.0517638,39.9622601,-83.0007065,113.98948800000001,47.49562
road,Memphis-Indianapolis,Memphis,Indianapolis,8.508222222222221,747.2203000000001,35.1460249,-90.0517638,39.7683331,-86.1583502,89.666436,37.361015
road,Memphis-Nashville,Memphis,Nashville,3.927805555555556,342.8609,35.1460249,-90.0517638,36.1622767,-86.7742984,41.143308,17.143045
road,Memphis-Oklahoma City,Memphis,Oklahoma City,8.12725,752.5409000000001,35.1460249,-90.0517638,35.4729886,-97.5170536,90.30490800000001,37.627045
road,Memphis-Louisville,Memphis,Louisville,7.065,618.7374,35.1460249,-90.0517638,38.2542376,-85.759407,74.248488,30.93687
road,Baltimore-New York,Baltimore,New York,3.878888888888889,301.919,39.290386,-76.61219,40.7127281,-74.0060152,36.23027999999999,15.09595
road,Baltimore-Philadelphia,Baltimore,Philadelphia,2.1900833333333334,159.3723,39.290386,-76.61219,39.9527237,-75.1635262,19.124675999999997,7.968615
road,Baltimore-Columbus,Baltimore,Columbus,7.837611111111111,647.4309000000001,39.290386,-76.61219,39.9622601,-83.0007065,77.691708,32.371545000000005
road,Baltimore-Charlotte,Baltimore,Charlotte,8.502694444444444,700.3321,39.290386,-76.61219,35.2272086,-80.8430827,84.039852,35.016605
road,Baltimore-Indianapolis,Baltimore,Indianapolis,11.071972222222222,928.6874,39.290386,-76.61219,39.7683331,-86.1583502,111.442488,46.43437
road,Baltimore-Washington,Baltimore,Washington,0.96675,61.8844,39.290386,-76.61219,38.8950368,-77.0365427,7.426127999999999,3.09422
road,Baltimore-Boston,Baltimore,Boston,8.261888888888889,639.6344,39.290386,-76.61219,42.3554334,-71.060511,76.756128,31.981720000000003
road,Baltimore-Detroit,Baltimore,Detroit,9.835722222222222,847.4363000000001,39.290386,-76.61219,42.3315509,-83.0466403,101.692356,42.371815000000005
road,Baltimore-Louisville,Baltimore,Louisville,11.203555555555557,981.6632,39.290386,-76.61219,38.2542376,-85.759407,117.799584,49.08316
road,Louisville-Chicago,Louisville,Chicago,5.67575,475.0739,38.2542376,-85.759407,41.8755616,-87.6244212,57.00886799999999,23.753695
road,Louisville-Columbus,Louisville,Columbus,4.116333333333333,336.0726,38.2542376,-85.759407,39.9622601,-83.0007065,40.328712,16.803630000000002
road,Louisville-Charlotte,Louisville,Charlotte,9.289888888888887,730.0698000000001,38.2542376,-85.759407,35.2272086,-80.8430827,87.608376,36.503490000000006
road,Louisville-Indianapolis,Louisville,Indianapolis,2.181861111111111,182.8223,38.2542376,-85.759407,39.7683331,-86.1583502,21.938676,9.141115000000001
road,Louisville-Washington,Louisville,Washington,10.98311111111111,939.9052,38.2542376,-85.759407,38.8950368,-77.0365427,112.788624,46.99526
road,Louisville-Nashville,Louisville,Nashville,3.225111111111111,280.8507,38.2542376,-85.759407,36.1622767,-86.7742984,33.702084,14.042535
road,Louisville-Detroit,Louisville,Detroit,6.849277777777778,578.1848,38.2542376,-85.759407,42.3315509,-83.0466403,69.382176,28.90924
road,Louisville-Memphis,Louisville,Memphis,7.048,618.8593000000001,38.2542376,-85.759407,35.1460249,-90.0517638,74.26311600000001,30.942965000000004
road,Louisville-Baltimore,Louisville,Baltimore,11.244777777777776,982.7989,38.2542376,-85.759407,39.290386,-76.61219,117.935868,49.139945000000004
